1,lgethin0,"qW1{F,(Sqwo&siJA",kcamber0@google.com.au,514-419-0811,3,3
2,spress1,xH8/{|W_+,labramamov1@cbc.ca,414-896-2519,2,10
3,jhenric2,oW1&r5Qc*>~,dbasset2@china.com.cn,904-855-5499,3,5
4,acommin3,"hU6&N""+j@*`KX",jjerrolt3@so-net.ne.jp,823-328-3396,4,1
5,cpfeiffer4,uB6%Qpz>wm+,nmumm4@goo.ne.jp,535-323-7032,6,4
6,mlafay5,aC4<1.\Mm\v,omuckian5@indiegogo.com,142-178-8675,3,2
7,llabrone6,xK8}'.e3l!b6PyH?,iairey6@paginegialle.it,693-711-6383,1,6
8,tlacase7,"sZ7,lq8su?JtcTe",redward7@wordpress.com,611-933-1602,1,3
9,weldridge8,"sX2%P,)$SIIah2",hhurt8@blogs.com,320-803-8771,4,6
10,okauscher9,jX2/4TK1Q<<,cfreebury9@flickr.com,751-997-6581,5,5
11,nrosewella,sJ5`VlQ_E,bbowmana@time.com,756-148-4892,2,10
12,eshellshearb,kD7=Lw&He#.,bgarriockb@comsenz.com,212-135-8720,3,1
13,fboncorec,bQ3+K03C#u/>B28,wabbeyc@homestead.com,691-566-1077,1,1
14,tblodgettsd,"vS5>TA``1>""K0",wwaumsleyd@vimeo.com,101-561-6161,2,8
15,cscurrye,"jE7%""A'v&7XC}n",nflawithe@nifty.com,496-358-3628,2,8
16,lfilippuccif,pS6_Sdr%J'ZLY,lbroodf@comcast.net,169-512-1699,7,9
17,rtrengrouseg,jQ1!X'k/C2lHeL?,srembaudg@uiuc.edu,713-618-3398,5,1
18,baimerich,yD6&+m$K!,salexandrouh@latimes.com,312-817-8467,4,8
19,dprettjohni,uT8==I$ySK,kklesli@joomla.org,964-959-1661,7,8
20,nmcquorkellj,pN4*zytvZ`m$Y#KB,atwentymanj@studiopress.com,405-362-6104,3,10
21,jeymerk,tD2$J#0s'+#,vcasperk@wp.com,197-654-9270,1,3
22,jtethacotl,tW4/SLI2?o}|R..@,avedeneevl@dot.gov,592-651-9993,1,4
23,ffullbrookm,"aL5.J(6,p'3AsZC",rcotteem@mail.ru,629-159-1412,1,3
24,craigattn,eV7&KRl}980_LCNy,ahellwign@geocities.com,777-960-6853,5,8
25,despleyo,"iG5`GpMFM""|k",rwoostero@booking.com,815-528-8256,4,2
26,bgoudardp,"nV9}""N?(kbp",ecrocumbep@tinyurl.com,966-711-4116,6,2
27,jmarciskewskiq,lN6}staw,kkeransq@vimeo.com,491-312-5138,7,7
28,bwhitmanr,fV6?9BQ=@3KE,chuttenr@fastcompany.com,169-572-4130,3,2
29,nhumans,xA1.7z{KKN+YS,fwenderoths@nydailynews.com,917-360-2637,3,8
30,ltinghillt,sF1#EP7k.W,lgreavest@sakura.ne.jp,681-354-7305,4,2
31,mkuscheku,wS8|0i6HM,rlerohanu@amazon.de,107-289-8382,1,2
32,tdeversv,oN2!}EnHsu,llukasv@sina.com.cn,159-548-2962,5,8
33,smaggoriniw,uZ6*H5K_9,sfransewichw@marriott.com,457-529-2768,4,6
34,bmesserx,lZ5=L6NngFGBW8,aloosleyx@nih.gov,154-810-8355,4,3
35,egrishukhiny,tN5)(t*z,bguilloty@ox.ac.uk,189-812-9385,5,9
36,rbenionz,"dI3=,y>MLx7Z7",selnoughz@yandex.ru,329-105-7509,6,8
37,kflaunier10,oM3}QUV@~{,tfrean10@hhs.gov,685-444-7881,6,6
38,jtytcomb11,uB1.TyPgq=Lol,asollner11@howstuffworks.com,222-611-2252,5,8
39,drodda12,wM8*QW\%H?Y<1as*,bairth12@cisco.com,977-216-2427,1,7
40,cbaglan13,gE6*4e+za!}I,gstuckow13@jugem.jp,169-831-4435,3,7
41,wfalck14,mN4.jC#%.+,anicholes14@plala.or.jp,305-153-4226,7,5
42,proddell15,hH2_AYIr`UOz,lbuttfield15@trellian.com,645-854-0193,6,2
43,ssommerville16,"jP8?~zNj&,xnz#=f",mguy16@weebly.com,159-255-2605,5,5
44,lspurling17,yX0{*u>MS/.utl,gramsbottom17@foxnews.com,436-377-7035,7,3
45,qlinn18,tA0$3#p.}v?,screasy18@aboutads.info,780-613-7859,1,2
46,pmccole19,rZ7=ZD'vO<9,hrouch19@free.fr,781-933-8113,2,9
47,dwilkisson1a,zA8='f5x<1qbnU.5,ncasero1a@sakura.ne.jp,776-657-4097,5,3
48,gmandy1b,cO9<0$h0)!d(,chillan1b@nasa.gov,352-571-8226,7,5
49,atrevorrow1c,"cW5!w""kr)a4+h",kholdall1c@whitehouse.gov,670-767-5610,3,10
50,ijacques1d,mG3}lTyo+1!,dalliberton1d@chicagotribune.com,502-154-6362,5,8
51,mrenforth1e,gN1'h{e{9x!/Qt,ddhooge1e@merriam-webster.com,755-257-6699,4,7
52,fbodechon1f,iF8|9YUwD>rT$JyK,celderton1f@weibo.com,142-681-5041,6,4
53,gkaliszewski1g,"dP9""WN<4$3ckO66{",pquenell1g@instagram.com,935-733-4865,5,6
54,iarchibold1h,nB9?QWtc<(r,mpate1h@bloomberg.com,769-359-2318,3,5
55,eblaskett1i,cN5}6n>xw,amosley1i@yahoo.co.jp,277-245-6940,1,4
56,hferrai1j,bP9_w>%3<FP`,jpigney1j@barnesandnoble.com,377-801-6589,4,1
57,dbramford1k,"nQ6@I2,A%Z\c3Tl",rcastletine1k@posterous.com,411-133-8892,6,6
58,tbuckwell1l,"lF6'q""s7nKr03",rcartmale1l@japanpost.jp,215-956-1324,7,6
59,khutchinson1m,iF8_sLzXet,cbinney1m@ustream.tv,104-267-5303,3,7
60,ltavinor1n,"vW1'SbVc6,7hm3",lfishenden1n@dion.ne.jp,862-633-0843,5,1
61,lcellone1o,"lQ5?X,JodR?6cv",bkitchinham1o@ezinearticles.com,762-559-4882,3,5
62,lcyples1p,wJ8(0wo)kW=O~,ctinniswood1p@microsoft.com,430-334-9416,5,5
63,swhatley1q,"jJ4_ykxHb(QaQ,|`",mfreer1q@nsw.gov.au,364-673-4913,6,7
64,bsellek1r,zR0$p!(%,bpenman1r@un.org,113-760-2866,2,5
65,jrunsey1s,rH8%l*{bbU.,jdautry1s@so-net.ne.jp,533-251-3269,4,5
66,dbavage1t,tT7>Vxf89,abein1t@biglobe.ne.jp,123-742-1039,7,5
67,cshinton1u,xK0$(!l|pknQhXS,dhasnney1u@howstuffworks.com,977-787-5626,6,9
68,sradloff1v,"lQ2/%F%Y,",lorpyne1v@deliciousdays.com,124-975-1588,1,2
69,lbraycotton1w,uI9/0c5L,bsambrook1w@360.cn,143-351-6755,4,1
70,bkliner1x,dN1`=$@)O,ddagg1x@ning.com,854-739-7969,1,9
71,hord1y,"sR8)p<EEX.""Q(",evasyukov1y@nydailynews.com,891-296-6362,5,1
72,hmaccahey1z,"fT5{',5e?Liur",beasthope1z@ustream.tv,949-752-4845,7,8
73,mpatrie20,"vJ1!q'C""/",wforestall20@google.co.uk,863-856-5832,5,3
74,mkornalik21,"gG8,=@PF1`7<&(g",pmacgaffey21@uol.com.br,203-282-8141,7,7
75,qbrusin22,eY1*g'Ew,halywen22@wsj.com,912-657-2772,6,9
76,dscherme23,gD1<*G=$+9c*qOn,aearie23@reference.com,493-644-9015,5,9
77,cmacbean24,gE0\g<>vI,fiacovaccio24@tuttocitta.it,305-520-0719,5,6
78,mdowglass25,rD0?H>H|gfL,tindgs25@com.com,889-317-0541,7,10
79,rmakinson26,pQ3(NSd9c9,jeckert26@cafepress.com,830-598-0707,4,6
80,ttrimnell27,aH6.aNmTk3sEl9,sniesing27@sciencedirect.com,217-153-1732,7,5
81,gellerton28,"oX0'""N1K",mstrutt28@yellowbook.com,633-139-3648,3,9
82,stunnock29,tI1$jny=9C?#N?,goloshkin29@symantec.com,913-627-1573,3,3
83,sdare2a,pY9)*ZzpZ,avalenssmith2a@sciencedaily.com,925-551-2114,3,8
84,slauret2b,gH0%Yor7l}h?e2,wnorris2b@hatena.ne.jp,149-219-4425,2,3
85,dhumpage2c,mZ4@HxdCtuuS,gbaber2c@answers.com,676-123-2893,1,1
86,mebertz2d,qL3&CjFf\,lpacke2d@mapquest.com,918-228-5068,5,6
87,kacedo2e,vH0\.l?j./U,aadger2e@blog.com,516-483-9455,5,1
88,nroughley2f,zO9<w>1B,hbram2f@sun.com,598-183-9441,6,6
89,ncoldham2g,sE3@Vbqucy00Pw@*,lstenton2g@mit.edu,998-459-6805,7,7
90,jchippendale2h,nF8~mdwia,movitts2h@cpanel.net,600-774-9429,3,4
91,htrathen2i,fK8`bRN83xnNU,jaxel2i@scribd.com,571-659-5587,4,3
92,fwison2j,uF8*'uB=Q,fvannet2j@meetup.com,702-652-7683,1,7
93,jtaffurelli2k,wG4@@&a6lIhQqlb,brignold2k@comcast.net,406-476-2954,3,2
94,dplayford2l,"uF7>?#+)9""u){8",efaulo2l@shop-pro.jp,263-686-6788,1,3
95,scullotey2m,pM3{B_/cC,jsaundercock2m@cloudflare.com,881-681-0578,1,6
96,aburel2n,tQ5\s@@1@Ac,gmcewan2n@storify.com,687-345-4099,1,5
97,pdepietri2o,fB1\!yo&},cmaylard2o@businessweek.com,646-543-1612,3,4
98,pkilfeder2p,bS7+mNX6D9i$,kburnham2p@va.gov,371-757-5544,6,6
99,jbensusan2q,tJ9/=>id,cdielhenn2q@so-net.ne.jp,564-346-2886,4,10
100,ajory2r,eB0$<?I@%.ECa<,aspurier2r@addthis.com,215-408-7000,3,6
101,tashplant2s,kP6`#n2tKLNcC',dschieferstein2s@eepurl.com,315-356-5029,7,6
102,tquinnelly2t,"gN5|nDRHl""",ebirchenough2t@mashable.com,654-371-5335,4,4
103,rhalahan2u,pH5.J~N1}OX$,adudleston2u@icio.us,584-747-9331,1,10
104,hmoxon2v,cB1/)g@TM$!pct,rffrench2v@ucoz.ru,311-797-3839,1,5
105,klangstone2w,eQ2}gdqn8Iu},gygo2w@dedecms.com,991-372-9242,4,2
106,phumpage2x,nM2.&)f',gdallimare2x@prweb.com,108-848-2821,5,9
107,apierri2y,"cR1|/H""2",mpawlicki2y@aboutads.info,584-934-2997,6,7
108,jgarratt2z,fH9~Gry3B|O,mlabastida2z@bloomberg.com,896-813-2417,4,3
109,dewestace30,tP3~<T8xt#,hlawles30@i2i.jp,962-116-1437,3,9
110,ssonschein31,"uE7,\v=6&~6E2#hR",fjacquest31@reddit.com,583-599-7727,5,9
111,battenburrow32,"vS9},'(=ptZyNu?",kcloake32@army.mil,351-386-0742,7,7
112,boakly33,"eJ7<`Rr8g""Eym",cwloch33@diigo.com,511-752-2868,1,8
113,smcnamara34,qU4/6|4=@taY,vgoare34@deliciousdays.com,588-470-0750,1,6
114,cshawe35,bG4'T_cl)$0&,sbartrap35@ifeng.com,260-864-9332,6,7
115,bcordall36,qH0/}U|0,arigate36@taobao.com,815-316-8092,7,6
116,mgarrod37,lI4|4Xv!y?6,gstockle37@geocities.jp,417-454-7143,4,6
117,koseman38,gQ9(jFi`MGlu|l(,sscarr38@squidoo.com,559-307-2206,6,10
118,eludron39,"iZ4}/h""9N,",kkluss39@comsenz.com,314-487-5321,6,6
119,cgrenfell3a,tG6?A/`#E,jrasor3a@gov.uk,513-872-0689,5,4
120,dwhiston3b,rL6_*_Xfb,jburry3b@blogs.com,929-990-3816,3,4
121,ecrockett3c,rC4\EDk)WSyCqAS,rolennachain3c@friendfeed.com,951-436-1030,5,2
122,lsatterthwaite3d,jP6(h>AM<L!q>Tfe,fyuryshev3d@free.fr,788-156-1445,3,8
123,xtankard3e,vC6$Itc}HA,ndurkin3e@bloglines.com,160-913-4534,5,2
124,aewings3f,oI3}u.FAuX.i,kbennedsen3f@bbc.co.uk,922-248-1752,7,1
125,rromeuf3g,sP5<|YNwJx@,kotton3g@lulu.com,352-766-9451,1,6
126,aslyde3h,"dH3""{VP_L'9Jf&",mhawksworth3h@geocities.jp,264-140-4782,2,5
127,cgarrold3i,gV1>#irx,fquail3i@fotki.com,573-489-0420,1,10
128,nfancott3j,qU3.'YLJ5,vgoundsy3j@auda.org.au,287-784-8666,7,6
129,gochterlony3k,yE7{gCDN=U0CZ,dcaswall3k@diigo.com,164-274-4386,3,9
130,aheckle3l,yZ3#mc{8yb,kcottrell3l@salon.com,943-513-9190,3,7
131,bvatcher3m,oO8~N*`7*k$~w?f@,sguillond3m@clickbank.net,921-366-9964,5,3
132,hunstead3n,vA2\U4`'4a}U,sfallow3n@vk.com,347-241-7562,1,8
133,rpoolton3o,cI8=i.DKz,agradon3o@aboutads.info,549-260-9356,1,3
134,aratledge3p,jC1<!Db&C7uk\)&,cpoizer3p@netlog.com,322-483-2708,2,10
135,imayes3q,"aK2<K%hraY0Gh""N(",kpittoli3q@theguardian.com,730-347-1462,4,7
136,mneising3r,fH5#dt9yc9%OGJ1,uaddie3r@cbslocal.com,736-674-0186,5,3
137,cshawel3s,cU3$A$.p\c1R3fw',trawcliffe3s@deliciousdays.com,208-718-4303,3,5
138,hhymer3t,"eZ0?fkv9b,Pw",jmckune3t@quantcast.com,335-532-9262,2,3
139,lbarnsdall3u,bL5*$fh9$E=h,fmuro3u@slate.com,926-998-6243,7,10
140,mderechter3v,zX2.jxKO%,lcadd3v@hc360.com,739-453-2881,4,9
141,bunstead3w,gA3#p$KO%N4r,etwinborne3w@cbsnews.com,628-134-3083,5,5
142,ahenrie3x,tV8|R{_U.,ewitherop3x@squidoo.com,365-219-8483,2,2
143,akervin3y,"cX2""/hQ"",}1>Y",rmckenny3y@a8.net,281-316-4641,5,2
144,mbeste3z,wS8{@HGtCLC=Ff,estanistrete3z@google.cn,845-484-0356,1,3
145,tlooby40,pY6{}TSK<uEJLp,mkealy40@mysql.com,173-362-5612,7,3
146,bbegin41,"yK7"">?V!IFMy",achin41@geocities.com,739-221-6392,6,2
147,ejeannel42,xY9'6F!#xGx,afoottit42@china.com.cn,381-921-4029,4,4
148,vzelley43,mI3?W4c(ER$,saddyman43@mit.edu,833-769-0130,3,2
149,ameffan44,tE8`($ziTz!#j0W,keastmond44@who.int,480-692-5825,5,9
150,khowerd45,cI3<_E}+V+S,jisham45@cdc.gov,510-670-2531,1,6
151,mbanham46,"qD6_&8Thbs=L""",bmongan46@huffingtonpost.com,294-203-8928,4,8
152,zdimsdale47,iG6)CTh\xZ|~XX38,sterrazzo47@sbwire.com,377-218-3348,4,7
153,ahambatch48,rX3{i4`Z)3Qc,wellerbeck48@miibeian.gov.cn,267-643-5616,2,6
154,afrankling49,uJ0}AC9@,aavrasin49@edublogs.org,672-626-8753,4,7
155,omeak4a,yK5.uzvKYYjp',bebsworth4a@npr.org,239-788-8222,5,2
156,sscrinage4b,jM8@+m7jTr8KK@,dgearty4b@chronoengine.com,536-180-2796,3,8
157,csurgener4c,dQ7`V=7U8YrP<&,bdomenichelli4c@goodreads.com,354-148-2106,5,3
158,rnevitt4d,"eW6""Zilii",sorbine4d@sogou.com,864-288-4435,6,6
159,jphilliphs4e,aO0!BD0KB&y,mstarr4e@google.cn,496-329-2557,1,10
160,bwoolen4f,kQ0!o$1e}IVU8UU,msuddick4f@dailymotion.com,202-459-9931,3,4
161,mmachan4g,rG4+qs6Vw`xn>G,leckersall4g@samsung.com,886-348-7434,6,8
162,cpestridge4h,pQ7**u8>,lvader4h@nba.com,336-523-7427,6,4
163,jmartschik4i,qU5(.ULY_,kocalleran4i@gov.uk,760-252-3888,7,3
164,omouget4j,"cQ4&""*\4)`SP!",mzannelli4j@geocities.jp,167-253-7674,7,2
165,bdenson4k,yZ5`/8xGH?O3=,sweedall4k@live.com,533-806-3924,4,2
166,lduckhouse4l,sN6\V??b\<RU$_Y,brunnett4l@google.es,123-561-2320,4,9
167,lhargitt4m,"mK6_VL{(kDt""w",rtague4m@nasa.gov,163-225-9958,3,1
168,dlenaghen4n,wI8?HhFs,lblaylock4n@xing.com,719-485-2793,7,6
169,flemmen4o,mB1_I%qHL$przz,dchampe4o@fc2.com,401-949-1897,4,8
170,tmurt4p,"xA2,ykEOs",fsimmonett4p@typepad.com,960-560-1343,7,8
171,fwythe4q,yJ3`uuGZs,litshak4q@alexa.com,985-761-7806,3,3
172,cmountlow4r,oE5(6(_S'nupi,vwattam4r@virginia.edu,639-272-3654,7,2
173,gderuggero4s,kI4/dO|Ty9C?q',hgreensitt4s@histats.com,530-922-5833,6,6
174,wchilderhouse4t,qF6#PyR&zzyh,pwyche4t@tinypic.com,145-252-8300,7,6
175,jshowte4u,nW7<}Csw5KF%i',kbertl4u@technorati.com,953-610-8187,5,9
176,mtroake4v,wM1%2_&4K0i(,srowet4v@wired.com,436-566-7948,3,1
177,ltakos4w,kQ8>tNd/CcYYx(,rpyvis4w@admin.ch,873-754-9803,5,7
178,srickets4x,hA1{u`2/VyK)i,mfateley4x@scribd.com,434-473-7420,7,6
179,mrosettini4y,"gI0,t`QgI?2z%6",dousby4y@prweb.com,558-764-5035,7,7
180,ademangel4z,sV7!Mh$B*DrI$Bwd,scawcutt4z@unc.edu,550-652-1714,5,2
181,badkins50,zZ5<5}B&F#=Pnn_,rwarlton50@odnoklassniki.ru,766-407-9326,4,8
182,bmelesk51,jU2<b)F0wQ#,nsandwith51@discuz.net,931-668-8764,1,6
183,rstears52,xE4@USm4,hpylkynyton52@wp.com,210-854-9681,7,10
184,miglesiaz53,iK5<\1uTM,kgiblin53@indiegogo.com,262-156-6101,6,3
185,sskase54,"tE7,?jNx'""F",mzanelli54@who.int,329-210-0057,1,6
186,rwardlaw55,dB0*)eqGc#,ethomasset55@psu.edu,695-117-8374,1,1
187,sshipp56,rZ6%ui77w4,ddunrige56@vistaprint.com,411-994-1800,2,10
188,cstoke57,"qN7_6Y*hs""7",gpolet57@sogou.com,477-107-6246,4,3
189,dtrodler58,bX1}z4ad4Z+yzR,agronous58@jigsy.com,953-911-0974,2,6
190,vbone59,rS4&}8j%K,gcasier59@forbes.com,310-457-5430,4,4
191,ycashell5a,mZ7)jk`(@}i,cvarfolomeev5a@chron.com,945-428-6932,1,8
192,cmeric5b,gD3\H\%U#gPB3,mhindenberger5b@baidu.com,730-322-5423,7,7
193,aduley5c,"yK6!'C,rc455m",temps5c@dailymotion.com,316-235-7643,3,7
194,wsirmon5d,zO7<T.f&7,kcarnock5d@admin.ch,902-185-9633,5,9
195,fswain5e,oY6{z.ho,gpurnell5e@rediff.com,431-525-2366,1,9
196,nbryde5f,"lR4%+H|v}r""K7U",pmorfett5f@issuu.com,311-617-6845,6,10
197,abuffin5g,gT0>02}WL|?Y|(,vlavrinov5g@booking.com,218-791-6145,1,2
198,eduncanson5h,"dO0,Ue'V",mwilliams5h@csmonitor.com,155-297-3121,6,5
199,hcafferty5i,uY6'(l9l,fhunnicutt5i@hubpages.com,878-848-5363,3,2
200,kcavolini5j,sF9\qKSg,bgerram5j@merriam-webster.com,139-682-5610,3,2
201,mgrece5k,"oN6,iEGN4*",jedgin5k@cornell.edu,279-567-6815,2,5
202,skoppelmann5l,iK6{CZ?3CMF,cdabnot5l@issuu.com,348-942-3258,1,3
203,iellsbury5m,"kS4""!EiI%hJ8Kv",thilbourne5m@yelp.com,353-682-7597,6,9
204,arustan5n,"bO9=""1b\",tmucci5n@hibu.com,266-539-5938,5,7
205,iemanueli5o,yA2&s*\(i,cpitceathly5o@simplemachines.org,153-384-8158,3,3
206,ringerman5p,sM9_!A+T_gJ,skenefick5p@chicagotribune.com,458-997-2730,1,8
207,acolliber5q,pZ7.yZy#A#8Ko$ar,dhaps5q@chronoengine.com,567-320-4090,2,7
208,ncolaco5r,"bZ7<=kvO*|m'~`7,",cbuxsey5r@nytimes.com,754-901-5493,2,9
209,mjones5s,kO5$LM(#fyH,ktorfin5s@europa.eu,789-414-6834,5,6
210,ctesdale5t,fU3.qP(z_<,wshergold5t@cisco.com,623-223-5735,1,8
211,mdraper5u,pC4_axe_u,thabberjam5u@flickr.com,914-279-2680,6,1
212,bcurrell5v,"iU7'2)B,4)h0'",ktrye5v@artisteer.com,542-151-0881,6,4
213,veagleton5w,iG0`UMpH/DQ2TQ,jbayfield5w@wired.com,571-784-0973,1,4
214,lborlease5x,cS1>CJ<C1gkna&=,csumpton5x@theguardian.com,518-841-8514,6,2
215,pmattheis5y,gZ4\wEzJN+dW<u#,scastenda5y@paginegialle.it,726-328-6891,3,5
216,cassard5z,hD6.K*H3!Y%,bwhitington5z@home.pl,241-479-9722,6,6
217,dknapton60,sW5`*r=w`*#?~,eibotson60@github.com,465-385-8886,3,10
218,ttrivett61,gQ4>\=+Mw+@u2R,elazare61@upenn.edu,527-360-5197,2,10
219,wgligoraci62,dA7%a7PVvo2f(c,hbishell62@nymag.com,710-790-1077,1,1
220,bbroadbridge63,fF8.+'\g,tshiril63@imdb.com,565-882-6171,6,7
221,ccockerill64,"nO0`+v""umG*I|,U}",emcilvoray64@vimeo.com,194-278-2004,4,2
222,mgostridge65,vP9{UI){vx=kHT,nlindstedt65@stumbleupon.com,953-596-4669,3,9
223,tjira66,wG3#h5)mZIt,llillistone66@usa.gov,759-482-7886,5,9
224,rsloan67,rI2\wj1#Yh\_Bg,hsorby67@washington.edu,375-221-6186,3,9
225,roppery68,mB5*nWM7Q@N,ablackston68@moonfruit.com,683-354-6771,7,5
226,lsottell69,rF1<MveP'vO6y8,gpail69@yale.edu,771-303-8850,7,1
227,ysongest6a,rQ5$`5n2xvEIb*,jvilla6a@icq.com,134-897-6741,6,7
228,moldroyde6b,oG6<?t@OZ,thumbey6b@soundcloud.com,215-705-6212,1,8
229,cworters6c,"xM7""7KsJ#",ctripony6c@sina.com.cn,732-527-4694,2,5
230,trothchild6d,"zO6+}8""?pd",dburnep6d@dmoz.org,343-762-1862,3,2
231,jthreadgall6e,nP7@aF|`,gsnasel6e@indiegogo.com,281-948-8690,3,1
232,mshingfield6f,pA5.=c$v0Y@5{PHg,dthonason6f@networkadvertising.org,590-755-3989,5,8
233,jskillanders6g,"zZ8{BU,j+xuwDEu",vvoice6g@vinaora.com,591-879-5290,5,8
234,phars6h,"jO8@Nm8D}""UMXoG",rharding6h@xing.com,603-397-1166,7,3
235,dchurchyard6i,tQ7`<|m@qZ%*,gtomisch6i@wikia.com,806-166-4401,5,7
236,ahadigate6j,mT3<lZB7,wwedmore6j@patch.com,259-125-8379,7,10
237,bsushams6k,oG6<B{(>,gokane6k@loc.gov,410-110-0970,5,8
238,tmoultrie6l,"yV9>CC""zF",mcansdill6l@indiegogo.com,803-759-8017,7,4
239,fkubec6m,kF1\<|eZ#,drewan6m@house.gov,444-245-7136,2,6
240,vhowkins6n,bE3>g&&ytAn`L,dkeyden6n@ca.gov,896-694-5085,1,6
241,griggulsford6o,nI5`3ROSLZfLhl,jbruggeman6o@tripadvisor.com,389-534-7331,2,10
242,tdeeming6p,uJ0.~r~67L@f!qX,dspringtorp6p@printfriendly.com,657-361-5445,4,7
243,lsoutherton6q,iC2<i#hR>#3d)'y,brubinchik6q@imageshack.us,745-766-6782,3,5
244,dmartinie6r,"yM9,QwPS_H.kEpcB",swanjek6r@whitehouse.gov,270-548-4905,2,9
245,mfinan6s,zK2_5{k3Na|K|,ccornelis6s@netvibes.com,394-574-4012,7,3
246,aspyby6t,vK4#2J*75,mwylam6t@people.com.cn,331-546-6950,7,4
247,ibaude6u,"mG9""ZI01K",ckersey6u@theguardian.com,478-397-2438,1,9
248,kapfler6v,tU6&vyvFNl1mTz,djockle6v@wikipedia.org,737-292-3295,3,4
249,ilevy6w,kE2(=0K@v8uw,cbarnfather6w@dropbox.com,727-794-7533,4,7
250,aosant6x,"bJ1<bw}m}0"")",kbudgett6x@businessinsider.com,411-200-8939,1,4
251,ledleston6y,yN3$ja'x\g{,kpollastrino6y@pcworld.com,261-531-1534,7,5
252,lquinnell6z,zE8\uZI{S,reliot6z@cbsnews.com,213-567-9022,2,10
253,lbriton70,"sF2&Ln_Q,",rgomby70@house.gov,763-384-2892,4,9
254,sdefilippis71,uS1/?J~=6&,egartery71@blog.com,882-950-1068,1,5
255,eplimmer72,"fZ7""?j!Gg/n9'}|",wblonden72@upenn.edu,956-447-7457,6,3
256,ghallowes73,vV3(9nOg#hK,hscinelli73@rambler.ru,563-832-5548,2,9
257,rsciacovelli74,"wW8""_1%>@Gh",ydacres74@netscape.com,275-387-6149,4,9
258,eewestace75,mZ1(6|xB,imcmickan75@last.fm,942-635-1710,7,6
259,rwhetson76,xW3(2s.Mu,pwillis76@linkedin.com,730-480-9658,5,8
260,acovely77,"sK1""wz3=N63$nG",jcallf77@themeforest.net,961-851-1376,6,2
261,gtunsley78,"jG3~0?BO""=rG",dstegel78@sbwire.com,413-620-6094,4,9
262,rscryne79,jG5%kgVwWp?fE31,bpickthall79@psu.edu,659-500-4959,5,7
263,mflegg7a,kX7~h0F6%,gaish7a@usatoday.com,598-829-8419,4,5
264,brenner7b,kS7*<4SwYtP%K`oV,mcahey7b@blogtalkradio.com,305-360-3129,7,6
265,kgostridge7c,xQ6}A5!0&`}Yi~,gmeynell7c@europa.eu,941-309-5745,3,4
266,bhammelberg7d,"wX4{*6La'kE,",sfirminger7d@telegraph.co.uk,293-684-2692,7,2
267,hockwell7e,vD7>4<LY!,gdrees7e@furl.net,295-593-0910,7,3
268,kbrende7f,iO2=gum+tipn{EB,mschonfeld7f@163.com,297-301-3756,1,2
269,lbaddam7g,wN7}7\/i,vcoutts7g@economist.com,960-545-2815,3,4
270,mrobbie7h,"vM5,YQ\~SlKZ",wchavez7h@wisc.edu,172-165-5911,3,6
271,bsmythin7i,bK4<{?Q.N,djudkins7i@jiathis.com,997-528-4512,4,8
272,csivyer7j,nT7.SLAr0L,mbridden7j@marriott.com,698-906-0704,7,5
273,thungerford7k,"jS4'ALu,l~",oyeldon7k@sciencedaily.com,578-961-2975,4,1
274,nbarfoot7l,lG6\~P.uAHr?n,lsaw7l@aol.com,944-414-8257,6,6
275,adearlove7m,tS7{fal.ZB,rwigmore7m@npr.org,144-756-1553,2,4
276,jlloyd7n,zS1~`cw(q,dgeerling7n@sbwire.com,409-611-7031,2,3
277,dmogra7o,"gT4<<\X9MWNW,O",ashutte7o@imdb.com,595-872-8542,7,5
278,bseabridge7p,"pT3%kkjY2x""""",naleshkov7p@hostgator.com,471-942-6775,6,3
279,twadham7q,xB0$>TkHa.MjEAh),cskillitt7q@infoseek.co.jp,961-584-5073,2,9
280,fmore7r,uS9*A\QHov=/vE,mdomaschke7r@vinaora.com,958-882-6300,3,8
281,sswains7s,fG6)IEDmm21|VR!,ajennaroy7s@hp.com,873-698-2123,2,4
282,clindsey7t,bV3!L|yyG=$pM6w,lodd7t@infoseek.co.jp,207-128-3595,1,6
283,esimmonite7u,xI0'>TPJkCDNQ,lblaxton7u@nymag.com,100-313-5567,2,5
284,hbudleigh7v,eB8*noA@{@P,bbrodley7v@wordpress.org,108-563-7506,2,1
285,jshyre7w,gG7*DQJa,bmalden7w@reference.com,309-559-2750,7,5
286,blawille7x,tS4)g@Zl@9,vjozwicki7x@bigcartel.com,120-863-1203,7,2
287,cbenjefield7y,hZ7)/wujrjj*wZeF,emullard7y@uiuc.edu,830-708-7973,1,2
288,mlumber7z,"dB1#w1r""V>U",blongthorne7z@state.tx.us,391-521-2957,2,3
289,fready80,kC9+%6uW,bmunns80@purevolume.com,510-109-6857,2,8
290,gbramer81,eP1.BH5'.\uMhRS*,gbiagioni81@skyrock.com,983-501-6691,5,5
291,rcarruth82,aE1'Kb>Hk}H,dwingham82@tinypic.com,587-998-3820,4,6
292,jeyre83,jC9/`7+I%,wmansford83@1688.com,139-964-3147,3,9
293,gporker84,"bQ4+>Z#""BYi",kmccahey84@joomla.org,198-470-3188,2,8
294,wjosovitz85,"eC8""~*69p""$m",xdufoure85@cyberchimps.com,981-294-7591,7,9
295,mpedlar86,"nX4',{PZ@w3!""",jmerit86@barnesandnoble.com,377-295-1235,5,6
296,satcherley87,lX6+O?jkB,cmccaskell87@geocities.com,886-232-4717,2,10
297,dgartland88,"tY1/g>1R6""X%6G",esaleway88@xing.com,273-806-0755,1,4
298,nhawsby89,mH7'egNFTuw,msenescall89@rambler.ru,851-442-5238,5,10
299,rcatonne8a,wQ7\32R/q!,lwaberer8a@discuz.net,615-962-5559,1,10
300,gwellwood8b,cP7+>4Tw'i{,rdarrigrand8b@tripadvisor.com,404-205-4696,6,7
301,tsmallman8c,kB1|VHMQY9_g,gravenhills8c@microsoft.com,842-982-7909,3,6
302,emaso8d,"aM6`0b,K",ngreenwood8d@globo.com,367-326-2040,6,1
303,oofogarty8e,wP9~sa?j,cbuckhurst8e@desdev.cn,957-612-7496,2,8
304,astubbin8f,uF8=b+A(shG,tbudnik8f@nsw.gov.au,797-666-7978,3,6
305,hantrum8g,qU1_fb$S,gguerrazzi8g@hhs.gov,647-149-1856,3,8
306,tmundle8h,nH1*gZ>sd,jchattey8h@bandcamp.com,579-679-0995,3,7
307,ependlington8i,iS6{Ls(pfU5b>,bege8i@smh.com.au,220-561-5817,6,4
308,alabet8j,vJ2&E~2QjJmqA>j9,sgillmor8j@usnews.com,998-891-2097,7,3
309,loughton8k,"aX3&Vw#E!""q",brisso8k@nps.gov,248-760-4819,3,9
310,rhalksworth8l,iO2\/g7{8XS_cZ,twhyffen8l@addtoany.com,714-319-5033,5,5
311,mcalltone8m,iS3<7L.h,solyfant8m@smugmug.com,440-115-6478,2,10
312,jriordan8n,kY7/>l%(,dlaban8n@comsenz.com,361-205-0178,7,5
313,bduckit8o,"nN1""iGMt@KYh+!o",rcahalan8o@msn.com,651-825-1241,5,1
314,gciciura8p,nY6#.XMdM`?a,cguess8p@t.co,486-330-0453,6,2
315,ahearns8q,iH1/GF2y,eknyvett8q@dailymail.co.uk,557-472-1747,3,9
316,tbachs8r,wS9?$6'f#Ca,sfennessy8r@msu.edu,576-830-4843,6,7
317,lgonsalo8s,eB7=_t@l,sbreakspear8s@creativecommons.org,759-438-6649,2,5
318,pmosen8t,vE4)JM72'5\S,cboylin8t@washington.edu,941-726-7537,2,7
319,ecawood8u,rP8#|Fp1VLN',fdow8u@scribd.com,671-293-7442,3,2
320,cskellen8v,"xL6""PdC+C=",emayo8v@360.cn,305-749-6022,2,2
321,dtimmens8w,"zB9.?,.\48)U""",bdole8w@huffingtonpost.com,511-470-1456,1,6
322,vshoulder8x,bD4*dP~5TfTtc9Kl,iswadden8x@digg.com,483-489-6840,3,5
323,dbracken8y,xG4?aI/25&,cconway8y@epa.gov,329-700-6888,5,6
324,rcocklie8z,yE1@{MEX,gelfe8z@biglobe.ne.jp,308-548-6490,1,9
325,cknightsbridge90,lM8#QSrVA8}(NX8i,tmulholland90@mozilla.com,241-826-7871,4,5
326,dmossbee91,iF7/uYhB,sbabbidge91@cbslocal.com,199-825-1436,5,2
327,obaudoux92,"jQ9|{9}0o8""DLYl",fcoenraets92@360.cn,194-919-9213,5,6
328,ldunstall93,"cU9""X0!9$AIAUFY",smapplebeck93@webnode.com,653-691-8380,1,8
329,aivancevic94,gU4<3w+R8k,fmorrish94@newyorker.com,757-553-5495,2,4
330,scollocott95,dR3@b7'S}u,clingner95@mozilla.com,831-601-4451,4,3
331,mwinstone96,cR6>oxec@gK+j,qblaisdale96@amazonaws.com,744-349-6729,2,5
332,rdabourne97,"eK5+z|,&N",bshellum97@arstechnica.com,792-899-7602,1,4
333,blytton98,sJ7??')kGaYFK/,ztomkowicz98@reuters.com,302-792-6099,4,9
334,dwollers99,"jX2|IiBRTXi&,",gmunkley99@yolasite.com,663-826-1304,6,2
335,bjefferson9a,oL7&$+r0G&spiW`o,tscriven9a@cpanel.net,998-917-7658,1,10
336,lsedge9b,"dT7,'@>\ounG",oboatwright9b@sohu.com,973-543-1017,5,6
337,lcareless9c,dT8<q4QO,jkosiada9c@cdbaby.com,349-450-8095,4,10
338,aferens9d,hW3/F}E3Uh)M{X,flondesborough9d@phpbb.com,730-142-3967,5,6
339,gskinley9e,qD0'b3g\,dhastwall9e@sciencedirect.com,690-728-2252,2,6
340,norto9f,lT5>?JC\`?S>|#,dmacveigh9f@unesco.org,444-612-8837,3,4
341,nofihillie9g,lJ1*ujc(,ntrundler9g@blogs.com,304-628-7144,6,6
342,smacgragh9h,yQ6<7cmr*9+!4~H,kgladdin9h@umich.edu,368-574-3575,3,5
343,mhouseman9i,uC5~XNV=671ix,ekunrad9i@pagesperso-orange.fr,970-715-6170,6,7
344,aorht9j,nA9`5Ak>ZuHz,giddins9j@t-online.de,432-965-1009,3,6
345,tgounod9k,"sC3%H',Xv|T@F",qmarzellano9k@house.gov,857-447-0856,4,6
346,mlochhead9l,lS9(`Rb&y9``J~,dhallas9l@chronoengine.com,870-363-1835,5,6
347,sanersen9m,zK9<+~OZZ,cclemson9m@timesonline.co.uk,284-993-8073,4,10
348,kburndred9n,yP4`q@qaZsWO,zcopelli9n@umich.edu,472-575-9092,2,2
349,ndeathe9o,jF2)6!l+QB!+Wy7,jchampley9o@patch.com,977-802-8243,7,6
350,oboldra9p,eK5$j8Vl*c(,hsorbie9p@oakley.com,794-935-8603,7,5
351,mduberry9q,sP2_kz&/,kcaddan9q@wikispaces.com,483-728-6574,3,6
352,nbock9r,sQ1{$B~_iSTNU`1,cbrydson9r@ocn.ne.jp,551-941-5236,2,10
353,gmousby9s,oQ2&uKpC,hsilmon9s@washington.edu,676-535-3196,6,7
354,rstealfox9t,cF8}\(zy4`(h0*,mpullinger9t@cnbc.com,361-244-0174,4,4
355,lgisbourn9u,aJ4{>0bbb.,pcastelow9u@surveymonkey.com,290-505-9794,6,5
356,jstoad9v,yJ8/LxAOQVh,dwasylkiewicz9v@infoseek.co.jp,538-636-3098,7,4
357,sdeaville9w,"fK7,)lC0",ncowcha9w@google.nl,267-711-2399,1,4
358,kgurery9x,iH8!9(&G+v,celverston9x@so-net.ne.jp,931-431-5194,7,9
359,hmaryet9y,hP9#}G_n2j,sfriedenbach9y@amazon.de,152-733-4239,2,7
360,ematt9z,"rI6,'5UwG.ZFCB",cyokley9z@friendfeed.com,910-389-8437,5,9
361,khyndea0,dL1.+UO?RGDp,creacea0@themeforest.net,254-233-4716,1,6
362,rulletta1,lG4(*!/Ns\P$GR,cshearmana1@simplemachines.org,587-292-2409,6,7
363,mvoffa2,"uC0}m""oLBO_w`o=",hdunsmuira2@twitpic.com,102-698-2535,4,9
364,ecrookshanka3,oS5\+DwPQN,taugara3@comsenz.com,620-880-3666,2,8
365,koverala4,"qI9{3)""}NeQo@Rt~",amullesa4@ucoz.ru,380-317-7567,6,1
366,ebrownhilla5,"gN1&GR'19A""DCH6X",rbutlera5@homestead.com,701-773-6008,2,2
367,jkellarta6,wI5%vR1pDxM%,ahaddrilla6@virginia.edu,704-793-8709,2,6
368,pstonarda7,jI1{arzL$|ynp,bandricka7@eepurl.com,249-900-5774,7,6
369,mhallexa8,lY4)!E8A/nv8,mchaucera8@multiply.com,239-495-1457,2,2
370,ahebera9,oB8|i|UdQl.,vbinga9@bravesites.com,157-621-7160,2,6
371,gbenardetteaa,tD1{7GJ=rk*Y!J1#,bboncoeuraa@wix.com,884-878-6487,6,6
372,tstonestreetab,dD0|&ia+R\yq8\$$,rgaltoneab@usa.gov,625-827-7939,7,6
373,qlanneyac,nO7~wl|2@*N'H0|,castyac@yale.edu,952-481-9950,1,5
374,rmcmichanad,oD1?9k@d1k,dmacdonellad@is.gd,610-170-0708,6,10
375,rwaisae,xQ8\2LyB>/l{,alosebyae@constantcontact.com,916-783-3710,3,5
376,temlochaf,pT6@qV3lO0d=Gu8W,cdomeaf@g.co,555-858-2084,6,9
377,srumfordag,wH1!Ua!3\d3=t,jyanshinovag@yale.edu,833-807-4797,2,10
378,gdenhamah,uQ0=rvwZFh,bgirardengoah@addtoany.com,253-620-0159,4,3
379,ngoaleyai,"qY7""&laZ.",vsergeantai@netvibes.com,302-764-9003,3,2
380,igaineaj,"rR5+M%TC'4"",FYYo",aarthyaj@wisc.edu,817-407-1022,1,8
381,cbattersbyak,wW9&8|%w|D&D(IO,rdepperak@nasa.gov,460-329-7873,3,3
382,rvickorsal,uY4#57'C,nenderwickal@livejournal.com,929-101-6139,1,4
383,cmcphillimeyam,bA8%Iz6LT,rorgeeam@businesswire.com,314-871-9573,4,8
384,thearonan,"sP4""~{fcIy}&il",tstilleran@seattletimes.com,804-902-4373,4,7
385,dfeldmusao,sX3++*|?*D'.7,jblaxtonao@symantec.com,413-589-5956,3,1
386,eisonap,gS8__*|Bm,abochap@theatlantic.com,163-187-4100,5,9
387,esandaveraq,yP7&Vn*bNZ,rwinteringhamaq@usgs.gov,502-671-2489,5,4
388,egillowar,lR6?rPBT1lYN,hedingtonar@bbc.co.uk,168-769-2930,5,9
389,ablakestonas,aR6%x+@T,mbrosnanas@google.de,690-542-2329,3,7
390,jfrudeat,yR8|ggkU\cl!5KV5,nterryat@wordpress.org,145-303-9342,2,8
391,jbadgerau,wY8.vel'4&e9M,bbrewersau@msu.edu,196-122-6349,1,5
392,scorrav,"aJ5+""ImPK",mferraiav@va.gov,813-714-1662,6,8
393,lsacazeaw,nZ0/Rz't#J.l,astaceaw@psu.edu,897-310-8205,5,1
394,taysikax,pU3<x'M7qizr,akarpushkinax@cdbaby.com,298-306-6856,3,10
395,clatoreay,hN8'9wMode@Rb,kpeachay@sciencedirect.com,495-433-5244,3,4
396,ddallyaz,eV3%Rx'RwgJg\1,awindersaz@vistaprint.com,666-336-3820,5,6
397,bhuddlesb0,sQ3'LE1z6,kbourhillb0@hud.gov,231-207-8321,4,1
398,larthurb1,pH6\_v{N,lgudgionb1@paypal.com,475-993-8758,7,1
399,bbewlayb2,hI1*~sN}8>,mhamberstonb2@ted.com,697-320-4078,3,5
400,jfalconbridgeb3,xJ5_$<CKMsCz`2,dhalpineb3@virginia.edu,793-862-9687,3,3
401,nmourtonb4,kL3\t(`*+,cfranciscob4@nymag.com,354-641-6086,6,7
402,mjanub5,rM1<r0e?LHhA,jducarneb5@china.com.cn,583-925-7685,2,1
403,mmazzeob6,"pH6,9Vyw6#",ndoramb6@purevolume.com,605-426-8983,3,8
404,ahatliffb7,wM9'OqdR0vqEK,egasconeb7@comsenz.com,211-339-0060,5,5
405,tmcfaddenb8,mD1$Q\E~,cstaresb8@ibm.com,983-256-3365,4,2
406,dzecchib9,"lG9&}{,7qC1ov",cdurtnallb9@yelp.com,789-847-2618,4,2
407,groblinba,"cS7""EOJ<Wj6Ewb$",amilellaba@apple.com,900-888-9111,6,6
408,zclotherbb,iG1<K(VVqd@,cberzonbb@xinhuanet.com,686-471-8009,2,9
409,chillinbc,mW2<jFD\0k9mHQ,scleftbc@parallels.com,225-731-0602,5,7
410,cbabbebd,iE3/W!R=R~rC!y?T,dellisbd@imdb.com,523-759-3770,3,10
411,dskingleybe,zQ1|z>Iu,tiorillobe@google.com,289-760-0096,4,4
412,vstawellbf,"lF6,J5jQ}=",bkliemchenbf@networkadvertising.org,331-475-7690,4,6
413,lawtonbg,aU7(xba.N>Ka(,yantognazzibg@ning.com,216-127-4946,1,9
414,rroughbh,oV0=BObYl!I_EaW',nburkertbh@omniture.com,636-413-7442,6,3
415,ikopkebi,"dF0+D&Q)w""'",icoskerbi@independent.co.uk,640-857-8626,6,3
416,mcazinbj,zH0{YF7Be%8,mdanshinbj@amazon.co.uk,802-299-0074,3,4
417,ablackslandbk,"nN2#5f,(Aq",lrelphbk@home.pl,732-590-7146,3,4
418,rensleybl,iU3+xZqv,nhelixbl@nasa.gov,449-270-4161,5,6
419,zpilmoorbm,qZ4!E=?pbt},kphytheanbm@ovh.net,924-581-9891,2,8
420,priseambn,fT7>V&@bn*}fE,apoadbn@hostgator.com,976-928-2530,5,9
421,femminesbo,zT2'wJIpN6,kcreamenbo@ft.com,147-504-3822,2,3
422,abladesmithbp,xR3=P=hDsi{$5tB,sriderbp@google.pl,956-417-6753,7,10
423,mmulqueenybq,aE4\sH$6\@,gregardsoebq@mac.com,123-960-9312,5,5
424,lbrooktonbr,fO1%q1YZTb,dpiercybr@who.int,473-572-9108,5,6
425,lmonahanbs,wL7.q(T|\uD(RG4M,abeedbs@patch.com,551-129-8530,7,4
426,cburrellbt,tU3}UUQbPSk,jmounceybt@bravesites.com,868-603-5598,2,1
427,btealebu,"lV7,TM|MO",jmccannybu@parallels.com,565-174-7269,7,2
428,jfortbv,iU9=mbD8`8,tmeirbv@posterous.com,824-554-2420,5,9
429,rclewleybw,"aP9,XUjf*",lmillerbw@comsenz.com,897-919-9232,5,4
430,mprettejohnsbx,uZ9#X\U5lb<Ov,mbleythinbx@artisteer.com,394-841-7149,7,6
431,rupwardby,zQ3#oF>nv9RP6i,ssimacekby@nbcnews.com,293-533-1638,1,3
432,etremainebz,nZ4&ZhOo3ap,mdesimonibz@dailymotion.com,841-891-6191,4,6
433,hleavryc0,bE6+.vr)h&d+,lamsdenc0@mozilla.com,281-694-2802,4,8
434,bspeechlyc1,gQ5&f%2y&2>iu7,tschofieldc1@hugedomains.com,464-556-0053,3,10
435,karntzenc2,pN4\OW}Jh`{0,mbryantc2@nydailynews.com,373-401-9371,7,6
436,rdrewesc3,vH4#yRmf5N,jfinchc3@geocities.jp,856-525-8606,6,8
437,dmeahc4,"wD4.FNL!""?_4.",ptwedec4@theguardian.com,180-307-0799,1,8
438,kstoutherc5,bS0=qc0VHYPb+w,dmaccafferkyc5@patch.com,903-848-6344,4,8
439,scastellinic6,cS7*TpG*(l,dknokc6@51.la,356-979-5953,2,3
440,rpretoc7,uT9#CXzukZlnS,jduggetc7@yale.edu,368-430-9724,1,5
441,pantosikc8,kY2_!_QLbZX,cdowneyc8@cam.ac.uk,734-410-6882,3,10
442,oaeryc9,"rY4|q,zX3E8sr=",aheapc9@wired.com,604-776-8782,3,2
443,mborgnolca,"xY3*sf3cm&)5m,*",hscandriteca@elpais.com,884-325-4935,3,1
444,ltabrettcb,vD1!_3FZi,ibreukelmancb@tiny.cc,387-900-8419,7,3
445,ahalifaxcc,nG9(~${i(GF?%4#I,dtwinecc@redcross.org,805-763-1095,4,7
446,bcordreycd,vJ3=>M_OG#sN,njuszczykcd@youtube.com,290-218-8282,1,3
447,jlibermorece,pA9#b4Zrn%zu01?,jfawlteyce@bigcartel.com,924-161-9226,1,4
448,pjirikcf,yC5?Wh}~s<@.,jdodameadcf@statcounter.com,204-577-3642,5,7
449,ghickissoncg,sS6>qWwMO73{,pfobidgecg@cbsnews.com,332-360-0281,2,7
450,rsaddlerch,yB1(\IbrmLIVskf,bbreckenridgech@squarespace.com,831-883-5218,2,10
451,esquirrelci,gX3<Xkna,klevesleyci@squarespace.com,124-786-6237,5,4
452,agellingcj,"jH9?UgtdT#n,",tfullomcj@qq.com,811-400-4539,6,5
453,sduffynck,mT0/>K{+<WIfcbDA,ncayleyck@trellian.com,902-713-6450,1,4
454,erichfieldcl,lT3{+QJCNHYo,dwissoncl@photobucket.com,958-983-7342,2,5
455,wkinnencm,lE8|Nqf1)=NGi,druggscm@sogou.com,961-105-2122,3,1
456,arenggercn,rT7#VwfYh/f,hascoughcn@storify.com,692-168-8811,4,5
457,hhastilowco,"jM5,PC@o4}A(D%b",dstoiteco@shutterfly.com,553-465-2680,7,5
458,hcampbellcp,jW2#*yd*7Gk,jbastiancp@patch.com,916-785-0494,4,5
459,jgilstoncq,zR3%BvE8,aducecq@vkontakte.ru,969-664-2172,4,7
460,eweekcr,"zX4+i,@`q6@r7bS",eemmettcr@state.gov,402-102-3096,6,4
461,mmacclenancs,wO4!P{eJOmT+8srk,sjehaescs@prlog.org,251-905-1111,1,6
462,hdorrct,rY1+>HnfP,eklugct@utexas.edu,967-113-6337,6,2
463,csloeycu,"mR4|,KmfS",abanatcu@vk.com,626-836-2525,3,8
464,sheistermanncv,fT0|j#jb(,kduffincv@comsenz.com,235-101-7039,6,5
465,iscuffhamcw,fF4_S}KIC+I\A1,ltappingcw@artisteer.com,738-434-0972,7,10
466,rkalinowskycx,fN4_4Cn@,kperottcx@smugmug.com,408-775-1700,3,2
467,sminnockcy,kR4}FG1%8BUYmkZ&,sgianninotticy@msu.edu,443-810-2218,2,1
468,scatchersidecz,fE8~Vi~Y5B,ekrautcz@cbslocal.com,839-963-6955,4,4
469,gellingfordd0,pC4%T`rUE9,bsunterd0@spotify.com,262-632-2492,1,10
470,mhellikesd1,cR4=g|!),drowswelld1@dion.ne.jp,311-895-9291,1,5
471,psmoutend2,bG0._>fZ|$,lhubbocksd2@npr.org,434-673-8075,4,4
472,medgesond3,sW0`}jVqD3==96(>,lfined3@cloudflare.com,773-568-3687,6,10
473,kberzinsd4,hO0~f!\LadLmvq6x,plowranced4@auda.org.au,623-743-9560,4,3
474,mocarneyd5,"kN0,TNYt?,FM1w",omayohd5@shareasale.com,373-230-0926,5,8
475,bspencleyd6,xY0_QE|fkh,hmarrd6@tmall.com,519-548-3972,4,7
476,ayeudalld7,hO5}b>=40,cjuleffd7@house.gov,337-666-7779,6,9
477,scullinand8,vD5$6@YM,mcoytesd8@mapy.cz,289-460-2275,4,4
478,dnoored9,"sI3,Vv.#x6gui",mgobbettd9@mozilla.com,696-214-5557,6,3
479,bosipovda,"jX7<OK*'""1AB",babramowitzda@ucla.edu,816-367-2974,1,4
480,rplomdb,hN5\G2a'993+Q<SE,cmcgeffendb@devhub.com,295-147-5410,3,5
481,cfrowdedc,"oY5,w\nf,r8",atracydc@xinhuanet.com,787-939-0284,2,8
482,iellsdd,"lW3<C$$,`r`m)c",bjezzarddd@wsj.com,711-827-9050,4,5
483,achattertonde,vS8~Bd8n`%PT,cvandenbroekde@godaddy.com,219-497-3048,3,2
484,npenkedf,hD6|&`AUg&,pleederdf@sfgate.com,191-256-6026,2,5
485,srossidg,mD5=VUiJ07,tseacombedg@accuweather.com,716-557-2877,2,4
486,jcammdh,gJ3`O)vyljLv,dsiddalldh@mysql.com,951-670-4249,6,5
487,amckernandi,vI1~5vWqb1,ngreenroddi@illinois.edu,259-933-1934,2,8
488,ahollyarddj,"cW5/Z""S.W+1g@iV",mwhatlingdj@oracle.com,323-193-0878,4,2
489,lcheesworthdk,qM7}WnLr,ffranciolidk@japanpost.jp,571-321-6641,5,10
490,bperkinsondl,oY3#KE)'SH@YC~,tpoppledl@pen.io,588-837-9749,5,6
491,ljodrellecdm,gS3$)rSb&hBi88,hstubbeleydm@wikispaces.com,520-362-0809,4,9
492,efilshindn,fV7=*D{.,adescoffierdn@prlog.org,593-740-3020,1,7
493,jcotteedo,"sH7{+,S\=U4M=",cbrydedo@cmu.edu,561-884-7645,2,1
494,abillyealddp,aY9_B4_s%}0x}y,bitscovitzdp@is.gd,137-217-7074,7,1
495,wjiranekdq,rC0)H=Xvtimw!I>f,vlegooddq@dell.com,633-727-4972,4,2
496,djohnstondr,mK5~.SVtc0<t~<F,gkilfedderdr@sohu.com,616-294-3213,4,2
497,lsnibsonds,qO9%TB>$.lItJ>W,iwollastonds@pcworld.com,645-699-2823,5,9
498,ccasalettodt,"dX1>nt,_kl",lschulzedt@diigo.com,552-342-5443,3,5
499,acotondu,fJ7}X$kuL_,scoulthurstdu@cyberchimps.com,201-858-0489,7,4
500,bthridgoulddv,zW6<SUl#,mibledv@imgur.com,612-861-1386,1,8
501,cmccullochdw,"oL4!25$OiS,Cuiw`",evostdw@wp.com,425-626-6128,3,10
502,spreistdx,tR6*g(DP1LJG+lT<,jdavleydx@desdev.cn,701-601-6865,2,7
503,mraisedy,wN7)_c%/`d,mdaughtondy@gnu.org,861-942-9399,7,3
504,cgodfroydz,"dK6{qaxu,=bho",eeddisondz@amazonaws.com,547-605-4065,3,4
505,abehlinge0,nE5<SD!8,mvaynee0@washington.edu,194-584-7592,4,8
506,rseniore1,iT8.)nY7FZ,bsallieree1@si.edu,559-501-1370,6,10
507,aravensheare2,oL2?(g)r,twinfrede2@nsw.gov.au,492-322-8173,6,5
508,mcattericke3,dI3!`7u?hPM3K,wbalee3@salon.com,996-153-9086,7,5
509,cmoorhousee4,gM1)|>O@n&j9,iswiggere4@hibu.com,660-906-9921,6,8
510,dduffette5,qN6$s&05BK{vCI,tgrowye5@fda.gov,134-380-1321,2,5
511,mclashe6,dJ6/MZn38OA@E\V,abartuseke6@cyberchimps.com,446-213-6910,7,8
512,mloncastere7,eO7{mgvItv|Bf<,rpoveye7@ebay.com,701-915-5974,6,4
513,mjoselevitche8,iP8#E4uV2,cclementele8@toplist.cz,392-406-5658,6,7
514,bjeware9,tU3_Y9XK2{(8y,mbenoye9@goo.ne.jp,152-599-7534,5,7
515,dcastanagaea,aX4_'lI2ouC0,adiegoea@dell.com,398-399-9493,6,4
516,npayleeb,nO3!k|__kB$,wslaghteb@sakura.ne.jp,663-539-6724,6,5
517,elongmanec,bN7_G6H(&i,pcrittalec@xrea.com,208-481-2943,6,5
518,rgarratted,kH6*8fBk{6I}MN,tpoed@freewebs.com,208-984-1959,5,6
519,iloneyee,iQ2$b\~g\\6_,gkitcatee@ucsd.edu,184-467-7906,2,5
520,swerneref,wV3{%UO@oCa,fbrannoef@paypal.com,482-544-8142,6,6
521,bkoppeseg,"oJ1`oX""Skc",gwrintmoreeg@patch.com,467-127-7149,7,7
522,hnafzigereh,"pL9{M""s@\F5",tjereatteh@virginia.edu,931-108-9132,3,8
523,emecchiei,qB1*9/>JR{t,mbullasei@salon.com,750-662-3541,4,5
524,mpigginsej,aR6<luRRKkM.++,nvandenboschej@reddit.com,200-316-1529,1,3
525,bfrancilloek,kH6~Z3h.2GD,dmulroyek@thetimes.co.uk,903-915-0007,2,4
526,ccrooteel,"kU9''B,v$RHz",rdanetel@sohu.com,298-421-1113,3,6
527,igierem,sE3+wd{%C.mOKa,peldinem@timesonline.co.uk,749-932-7017,1,7
528,lheatlieen,mH1#~&dL),myeskinen@princeton.edu,300-470-7186,7,1
529,kcawthraeo,dH9{N1_UO%?E_xV,pmuslaeo@eventbrite.com,634-892-3629,2,1
530,drolfep,"lK5""Sh@$p<",kfaulconbridgeep@bbb.org,601-590-9895,2,9
531,dgrimestoneeq,zG2)0ha~)i+|~k(,tlangcastereq@dmoz.org,966-905-9803,4,8
532,vkleinbaumer,aO7_C?ZX,dmickaer@so-net.ne.jp,536-707-5700,2,10
533,jbemwelles,cV4@Y*cS,oanespiees@privacy.gov.au,470-114-0295,4,4
534,kracineet,zI4'gMiR(}i`+,bpasheet@purevolume.com,142-145-3781,5,1
535,gdessaureu,oR6_pA9k<GPrQo@(,gweavingeu@so-net.ne.jp,426-688-9346,5,10
536,rmuccinoev,yK8{>u5t!,dthirlwellev@vimeo.com,652-382-5053,1,6
537,mrennoldsew,"mX7,.uC?t,,_",kkimbellew@fema.gov,654-826-8174,7,7
538,amothersoleex,cU1|&<A+M8f9`1,drapaportex@icio.us,348-975-9777,7,10
539,eriolfoey,hX9%t&7%T,kvanderbeekey@webeden.co.uk,370-900-2708,6,3
540,fdownhamez,"mY5,lRp%",tsilvermanez@cocolog-nifty.com,768-959-8701,6,3
541,bcongramf0,"rI7,uSB/w1_ehT",jhardcastlef0@plala.or.jp,974-902-7131,2,10
542,aclowsf1,"tU4(Q)H,z)L=p1`&",bdalstonf1@cloudflare.com,764-874-8319,7,3
543,sbirnief2,oD5@N<'ZbX*zoa,bdrinkeldf2@msu.edu,629-247-0387,2,4
544,kcudihyf3,"sY9=\e""?,k",thinchonf3@reddit.com,383-731-2404,3,2
545,csivyourf4,kE7+fwP8jOK9n,mlapleyf4@howstuffworks.com,537-643-4691,3,2
546,jpasticznykf5,wE8=iLW4f=x7B~Q,tborastonf5@toplist.cz,331-954-3574,5,4
547,glafflinaf6,nL8`B0IiWT,tmunningf6@twitpic.com,129-537-0298,5,9
548,ahitzmannf7,"eH6""$PY_z~%}MEki",ncamplenf7@sun.com,330-832-4189,6,10
549,mbengoecheaf8,vU3<xPR6s@#,gmacgillespief8@wufoo.com,420-376-7985,3,1
550,zfewlessf9,"xN8,J~BkLJ<43",hmoffettf9@skype.com,524-106-4597,2,10
551,bfreenfa,"oN4""\G}""",twoakesfa@spotify.com,939-844-4759,4,9
552,lshawyerfb,"aW8""@6+O",bbythwayfb@yale.edu,203-826-1054,5,2
553,thuglinfc,hQ3)xa|jR,iwalchfc@ca.gov,169-732-6493,1,3
554,wchatwoodfd,jH8*$Dr0o!vm})Rj,atrainfd@ning.com,818-765-2414,2,10
555,cbacherfe,"aY2""65=Fm$WN_r{",mdearlovefe@slashdot.org,268-999-1434,7,6
556,ltreasureff,xP5/m@kGobE|!gh,tbuxamff@springer.com,841-438-9480,4,6
557,audellfg,qW2{%@sl0nK'`h0,tdigmanfg@domainmarket.com,603-156-7904,3,8
558,mdysonfh,iR2{D1D2*,rzoanettifh@reuters.com,647-146-1706,5,3
559,gleopoldfi,pT4(3XooJxHYGS,ssparyfi@vistaprint.com,644-610-8193,7,2
560,abenardetfj,lG1=7b73<,ntregidgafj@usda.gov,685-738-0446,6,6
561,agreenoughfk,aO5@aQ_&r,tbernetfk@opensource.org,269-731-4956,7,8
562,ballkinsfl,vJ5<YXXf1jps{,wduckeringfl@printfriendly.com,201-490-5952,6,1
563,kjoefm,"dV8)""6U6!!pCZ!c""",kgodthaabfm@blog.com,628-219-6795,6,6
564,dbrockbankfn,"eS9,ev%Ql?F",eboydlefn@mashable.com,377-918-9443,4,1
565,morrisfo,dT0/>vObbPKk5d#,oaldersfo@cyberchimps.com,204-775-2674,6,4
566,kcrehanfp,oL8.<d3oDy,fbrainsbyfp@angelfire.com,417-297-7642,6,1
567,jquernelfq,sL7`@~xS**FypOG,kwilderfq@npr.org,887-163-9938,1,3
568,pjeannelfr,uZ9.abun!p,asideyfr@businessweek.com,935-707-9894,7,9
569,hgrimsditchfs,rT4)td(?H2',atoffolofs@statcounter.com,950-409-7169,6,7
570,ykenderft,hJ7(+i7%4+a91Z,svanthoffft@japanpost.jp,758-493-6660,3,2
571,ghewkinfu,fN8}sjhll,bpatridgefu@elpais.com,742-919-9699,5,8
572,adugganfv,"pA9|%c83N\_!0""&e",awestgarthfv@amazonaws.com,290-953-6377,5,2
573,cbulgerfw,"rC5,_d(P=VbM}",reelesfw@narod.ru,649-211-9083,5,7
574,khaggusfx,"kT4,,vSb3V`&fegC",schekefx@aboutads.info,518-572-9712,4,1
575,gfollitfy,xY1~T8a8R,ocroizierfy@army.mil,156-545-1544,2,5
576,nvernyfz,zG9&&Pm>,lbodillfz@google.it,882-890-4881,6,1
577,hcoaseg0,"vD2""b.w""",lmatteag0@acquirethisname.com,745-462-4430,7,4
578,acastelijng1,"gG3,/yJUj9B&Z99=",bfolkerdg1@wordpress.org,179-391-4146,1,8
579,corisg2,tM9*TL4J*yf,rsterndaleg2@techcrunch.com,513-916-5154,3,5
580,tkerg3,zI5}%E+1Ru,sbottomg3@dion.ne.jp,348-946-4113,1,3
581,dcoastg4,"pO5*<>1@`iK""e",kcrosstong4@privacy.gov.au,138-368-6698,3,8
582,dcassarg5,"rQ3!=l""{}}4k",cchampkinsg5@apple.com,348-347-3600,6,3
583,fedwickg6,yR8}/lR\9?'Pq`c,leulg6@timesonline.co.uk,948-329-8053,7,5
584,kderoeckg7,xP4/nM.N>r{xy6@~,shunnywellg7@admin.ch,811-666-5120,5,10
585,wlodemanng8,aB9`&g13xbUPzA@`,boughg8@furl.net,962-772-8669,6,10
586,mstutelyg9,gJ8>ugJ$a8Gq,nrecordsg9@apple.com,957-491-0161,4,9
587,rcreesga,xF2>ezv=$sfk7,zlebatteurga@springer.com,836-197-4177,1,6
588,gcornelsgb,jP5)SwB4)Bp,sgainsborogb@theguardian.com,826-936-4016,2,3
589,plawleegc,lB0?5V8W6%B0wS,rspaxmangc@gnu.org,296-235-5635,6,7
590,bpohlsgd,cK3<uw|p,rdurkingd@miitbeian.gov.cn,348-806-9200,2,10
591,mbrettonerge,"oJ3@P,KSPt1>`",kvasilyevge@stumbleupon.com,245-383-0660,6,7
592,grunchmangf,xJ6(aH(nOkO$l#,jbeggingf@howstuffworks.com,412-513-4838,3,9
593,jpendregg,fE5&++#)/k,wstockbridgegg@usgs.gov,506-928-2507,7,8
594,mgorbellgh,sR0>Z)7Ao,nlitherlandgh@skyrock.com,441-607-3024,1,10
595,aashbeegi,kJ0}5u7jDU!.,gwhitlandgi@google.nl,890-904-0039,2,7
596,cbedlegj,vH9@X|u!J8ID#i,ibanistergj@mtv.com,931-777-2109,1,8
597,alehrergk,pQ0\/IH*&zrB,dpulestongk@bloglovin.com,540-809-7424,7,6
598,yjoskowitzgl,"rL7""uZ'vF",ekeiggl@desdev.cn,514-726-3193,1,5
599,awemyssgm,gJ4{Gxoq&9u4,shopkynsongm@opensource.org,898-308-1836,3,3
600,lwelchgn,"mB0>""Y)PsgX~NST<",wrestorickgn@globo.com,345-450-0943,7,1
601,ikuschkego,wV4)!'a<x\,radamovichgo@booking.com,364-851-7314,2,1
602,sebbengp,rC7>#a9%pC~3t0,sgethousegp@intel.com,997-772-2772,4,6
603,aliberogq,oF2?!(*<Qie2!A&,estuehmeyergq@vistaprint.com,321-834-2372,2,4
604,nstollegr,iF7_EnCP0,ncoxheadgr@smh.com.au,345-496-5205,6,6
605,eoliverasgs,dX7(Hw`5,jpiersongs@mashable.com,306-342-1412,1,1
606,gthorneloegt,"zY0,2!~E=t}Jtqhl",vdennesgt@nytimes.com,142-641-3612,4,2
607,dsonghurstgu,vB4@Fq<>27LG4,phynegu@imdb.com,553-946-7216,2,6
608,jmcganngv,iL5+<01AU,mmullinsgv@miitbeian.gov.cn,383-995-2895,1,7
609,hlabbgw,"fY1#..?r""0$,319p",lgarfordgw@arizona.edu,936-677-0935,3,3
610,jgutteridgegx,"xJ0_=""KwdZ`*FX",detchesgx@prweb.com,912-400-5378,3,5
611,mmondaygy,yK8<xMVdn9$s2Ag,scicceralegy@fda.gov,607-317-6734,6,6
612,fjoscelyngz,pW8@7+2G$7/,tfennessygz@nbcnews.com,906-843-2611,1,10
613,tmittonh0,zA1@z=>s5mnr|{E2,tverbruggenh0@sourceforge.net,562-690-1707,5,6
614,tmewburnh1,cI9}Zi`%w,rcartwighth1@ebay.co.uk,792-343-3528,6,7
615,alehmannh2,"kV3?e""5%",htrenth2@theglobeandmail.com,916-510-8029,7,9
616,epantlinh3,jS2\M4|W<+g=9?l,fswindlesh3@123-reg.co.uk,465-486-8682,3,8
617,lnusseyh4,dD6_aS1+LL2}#q,bhousegoeh4@buzzfeed.com,725-988-1386,5,6
618,apartridgeh5,"aO1""Bhv0*",ynenoh5@psu.edu,507-251-3798,2,2
619,lnaveinh6,iZ8!ZtL34RXZ<fK,lcohalanh6@instagram.com,982-864-4254,6,9
620,ldetheridgeh7,"hG0,Dw`dMkP,2$",maskewh7@hud.gov,299-857-9555,2,4
621,fbessh8,fC8@'DTGDHS,vabdonh8@shinystat.com,801-156-6046,5,10
622,cfernandezh9,"zF5#DlP""}h",ptorrih9@eventbrite.com,472-582-4408,5,8
623,mwilkinsha,lV6.aAR$rb2,rarbonha@linkedin.com,940-744-4360,2,9
624,kharrawayhb,wJ0.ZqdvC,dabadamhb@fastcompany.com,904-743-3914,2,7
625,kstigershc,mB0|@o~)~*y0,dpellingtonhc@goodreads.com,875-583-6435,1,1
626,apitkeathleyhd,bL7'vN)YS0a@+ZW,tmcquorkellhd@sitemeter.com,655-455-9529,1,2
627,jperschkehe,yQ6~ln+V'!P4!,cplettshe@people.com.cn,643-392-9117,6,4
628,mdondonhf,xH5/hu@bFb\d1W,efouracrehf@i2i.jp,718-836-2816,5,3
629,jmumbyhg,xS5>8Swkkm2>r61%,gslaghthg@hao123.com,196-461-7627,7,4
630,bjanninghh,jY9+an7d{3H#7}*A,tposvnerhh@newyorker.com,753-244-7158,4,9
631,jescreethi,iU8$3'zRA,rstanylandhi@vk.com,612-388-8697,5,2
632,mmaynardhj,zT9.ph\bH,phintzehj@va.gov,417-100-0475,3,10
633,devangelinoshk,bV8_/`oT_J~Ym,tsautterhk@tumblr.com,902-243-5873,7,8
634,xmerklehl,sO6{i!@\1_,icardoohl@360.cn,524-590-6297,6,6
635,teasterlinghm,pH6$qgR'U,tbernardonihm@amazon.de,942-860-0844,6,4
636,ccanahn,vI5*'b)>e7,mscrimshawhn@shareasale.com,513-739-9396,3,2
637,mbulpittho,nR2`rW8/,chosburnho@wikia.com,558-468-1845,3,6
638,bfortyhp,"pZ1**AE""",kshovelinhp@opensource.org,184-976-6441,5,3
639,dsteansonhq,hX6&d4K%J.FJ?V&,kribahq@360.cn,422-815-9870,4,9
640,aponcethr,oF1.(5kt,egalvanhr@newyorker.com,172-719-3177,7,8
641,dmullinshs,aO4%ma`h1zw,lstarbuckhs@ow.ly,853-880-3043,7,5
642,ctierneyht,nN0+1oZOcv1.KG,idanilovht@unc.edu,124-217-3968,3,6
643,sraddenhu,nV8&)WcCtS.,jbuyershu@blogtalkradio.com,670-264-1106,6,2
644,mmcshirriehv,kW2#fqZP0Wz,eoreillyhv@nyu.edu,394-315-9168,1,2
645,cprobatehw,oL2+12N<#,csibyllinahw@wisc.edu,396-566-9046,5,1
646,ayarnallhx,hR6\0/w@i,gdurkerhx@desdev.cn,293-996-6858,5,3
647,rbreadmorehy,vT3#R<ccu4~lb,amcneehy@moonfruit.com,832-206-5694,1,5
648,dmassenhz,yY6?tfOx,deddowishz@g.co,978-460-5353,6,10
649,apencosti0,"qS9\4Yz,sv",gbreami0@washington.edu,704-680-0399,7,2
650,nblaksleyi1,jB5\VHht,pgristwoodi1@weather.com,514-232-5409,1,1
651,gbuckneri2,eA6$#H>$vx6=|,jsheeni2@bloglines.com,894-423-6421,7,7
652,rjeffcoatei3,bI9@3x{1AL,ccroncheyi3@bandcamp.com,234-769-5100,5,1
653,abratteni4,iR8#V`>zy,dmilroyi4@theglobeandmail.com,545-288-6772,1,2
654,egoughi5,"lG7&93,J",gcamelini5@tripod.com,446-549-8006,5,6
655,vmccomiskiei6,dW8}G0UK|~XKM),ahugki6@va.gov,774-466-5676,1,3
656,mticici7,aQ2`S1wqIC6L~=,spantlini7@ucla.edu,320-619-6515,3,9
657,ptaylorsoni8,iO8|GSMq$lpBZ,bbartlomieczaki8@skyrock.com,415-523-2311,3,5
658,jfadelli9,wB2&2%ac,cgroucutti9@moonfruit.com,129-416-1668,4,2
659,rrannigania,sC8+!*a0kIUNV=MY,crultenia@youku.com,166-267-9884,5,2
660,bpargentib,pE3!(sx)%c,jbernardyib@bandcamp.com,230-667-4633,5,5
661,cdiveic,lO1)*}9=o%8,tjanewayic@home.pl,785-207-1407,5,7
662,vmoyleid,"kZ1',bJoCWebR6LS",dskellionid@omniture.com,168-290-3367,7,7
663,jroffie,iB2$Z4rrcav,llawtyie@a8.net,598-755-0013,4,4
664,achyuertonif,"xD7%x%q`f)U6b,6",afaussettif@shareasale.com,367-374-5150,7,8
665,bscardifieldig,"cE1&1B,xg48ej#h/",hdartnallig@posterous.com,508-202-6829,5,9
666,sramalheteih,"dO7?C/*JW,(HIR/",abradforthih@google.cn,652-428-4824,3,6
667,tleopoldii,bU0}YE'Qn,ddavidoffii@feedburner.com,521-410-5170,1,10
668,wrubinij,hW1?26CcQk5Z,lyoseloffij@craigslist.org,708-293-0511,4,4
669,kpockeik,kE3@/p6FEy,keptonik@sun.com,639-845-9182,1,1
670,sscarsbrookeil,tG3=DCF)b|tPSU?,mdomoniil@guardian.co.uk,725-248-4394,5,4
671,lbabbageim,"uY1""9g/4C}9Io",bjoscelyneim@slate.com,640-780-9250,5,8
672,tleathamin,lD1/yKW$tr,mdummerin@technorati.com,498-848-2791,1,1
673,awhathamio,pC2?f4tK8<1,hbartiio@nps.gov,569-293-8347,6,10
674,ahullinip,fI6`=Kg{tNfLVU7,ryablsleyip@addthis.com,504-447-2900,2,2
675,pvallisiq,bL8\7aSO,ifrankcomiq@hugedomains.com,774-604-3028,2,4
676,bcansdillir,rY0/~1|LEcJC@b,doglesbeeir@edublogs.org,943-987-2666,1,5
677,vagiusis,sT2)~Ku43o,dchennellsis@nyu.edu,333-550-0029,7,2
678,kjodrelleit,jF9\S4iC4Nm,mbengoecheait@webmd.com,584-209-9093,1,5
679,sheugleiu,rU7$xWAM!lL.+>0,goshesnaniu@is.gd,236-169-8913,5,2
680,svaseyiv,wU5{a1|*F5M,lthickingiv@google.de,319-417-8870,6,9
681,mmaggioriiw,sZ5&M/y(,bsimmensiw@theguardian.com,523-802-2670,3,1
682,dkydix,cZ3!*QIF%hcu,gberthomeix@friendfeed.com,330-427-7384,3,10
683,lskuleiy,kT3*0?GWF,edraxfordiy@craigslist.org,843-748-0522,5,5
684,druprechteriz,qM7+HE&?!K,mmeatesiz@weibo.com,516-122-9005,3,5
685,rgibbj0,fQ3%m&V!m'`B`0eo,jbowbrickj0@plala.or.jp,332-850-4801,5,8
686,cmealandj1,dQ3!j}G+nXOz%U,icavej1@acquirethisname.com,826-431-3710,4,2
687,sbabonj2,xM1?k0V{'O@i.,vjacsonj2@discovery.com,140-693-7064,5,5
688,lfrottonj3,"bM3+,h5""gmBS",mdragonettej3@accuweather.com,482-616-8954,3,2
689,dkleinermanj4,lR8!vv&+r\Nef)W,ehousinj4@amazon.com,289-407-6449,7,7
690,cteasdalemarkiej5,dE8+acN(,gcasettij5@lulu.com,643-734-2574,4,8
691,lbiagionij6,bI9@0PVK2)C6ZDx,yteersj6@va.gov,485-308-4161,5,5
692,hklessj7,"eO9""x3b$",zriddelj7@t.co,219-914-9780,6,1
693,vogbornj8,qO6<p@R>LSEw,bmacgiollaj8@mashable.com,387-844-9331,1,6
694,udurdenj9,qT5.Ao*$sb&72z,jdaelj9@flickr.com,726-602-9426,1,7
695,larmalja,bL7)7Ew6FT/j,ggogayja@1688.com,479-578-9384,6,4
696,rruseworthjb,jN6%2arzDweJ{H#X,kpeatjb@admin.ch,713-448-5192,3,9
697,ndabernottjc,wD7<u33B2}0i8%a,agrahamjc@infoseek.co.jp,886-178-7848,4,3
698,msawterjd,aD4)6PY\9,ccutcheyjd@photobucket.com,295-936-4936,6,4
699,clandreje,mC6$|4ZO<lA2,jmargerrisonje@umn.edu,500-195-3830,3,6
700,tscamadinjf,kQ8(m@j&',bdullinghamjf@ucsd.edu,379-206-0968,4,4
701,cpicoppjg,"sG2%3?',5C",lcootejg@usgs.gov,902-199-3850,4,3
702,kpizerjh,"xO6`F,l!xu,l#~",loxenfordjh@hp.com,128-343-6871,1,10
703,cchadbournji,"pA6+Qu,|ztUxWk",eraftji@networksolutions.com,754-885-2320,5,7
704,ekasperskijj,"yP3""QM7Qvfb",eprobackjj@edublogs.org,880-406-5555,6,5
705,arimbaultjk,"fG6,/'QW1v%_B@",lcundictjk@ihg.com,592-431-3676,4,3
706,lwickmanjl,xP3(~w~610S<,ncagejl@mediafire.com,411-707-0235,5,8
707,rblaxterjm,lS3$zjsBA,dstrottonjm@japanpost.jp,747-297-4703,4,3
708,mvarleyjn,oY8}!#B(,aargabritejn@bizjournals.com,519-251-8717,2,6
709,aspracklingjo,rB6_vCG!/*\N,dspriggenjo@va.gov,419-171-7469,7,2
710,ccrowcroftjp,"kG7}""@M!,FNKPG",fasserjp@shinystat.com,502-947-2868,2,10
711,fghelarduccijq,tI9/ax)0#,lgrundjq@bbb.org,360-685-1048,3,4
712,mricheljr,"pP9./&$HXc(,t",bdonisejr@disqus.com,739-153-6489,3,9
713,hgaineofenglandjs,nB9+r0+qvou<+,mmcnishjs@hhs.gov,801-412-8894,6,4
714,vklimkowskijt,jM9>ZCL%2?UU5w8,bmacveighjt@archive.org,979-917-2925,4,7
715,lleereju,"bE8/<Ox+S,Fx#E",parrighiniju@linkedin.com,599-207-4205,4,4
716,jdrakersjv,"vR4"")qHaP?+x9A4+",mbentotejv@posterous.com,267-660-0482,1,2
717,ccasalejw,zL2%&p$TiJ<S`(,pstuttjw@hatena.ne.jp,938-600-4804,4,1
718,nsugarjx,hN4=mC`z@k,dcastletinejx@qq.com,522-150-5266,7,5
719,rcisecjy,rY8!</s4D{,tbeabyjy@symantec.com,915-763-0742,6,4
720,hroelsjz,tS6\eME9mjs,rsolleyjz@woothemes.com,757-925-6327,5,9
721,sdomeniconek0,iM9(ST5uV@v/,lhasserk0@gnu.org,696-772-9630,5,9
722,jcowlk1,hK5`0l~+M&1=xC,dspinigek1@tuttocitta.it,981-930-2821,3,8
723,fferrerok2,xP6)3=NV&rW,qemettk2@dell.com,457-884-0775,5,7
724,pabthorpek3,eS3$k%ai%<i.`H,ckernleyk3@senate.gov,548-728-1101,4,10
725,ddevannyk4,eL6<KYSNr1umk,mnorthallk4@dion.ne.jp,936-649-4255,2,9
726,tcristoferik5,"nA7""n|o/}}""F",lshielk5@sphinn.com,386-243-7354,4,6
727,psandlandk6,cK2!NHKch,fgranvillek6@angelfire.com,910-728-1053,5,2
728,cuziellik7,"nP3+1t,s>?!""",gwinscombk7@epa.gov,710-699-7157,5,5
729,egallicok8,gN7*%w.KeKPIsq,kgunningk8@yellowbook.com,217-596-0062,4,2
730,bdannehlk9,cI3.?>riRJ?,ecristofanok9@unc.edu,623-499-3391,3,8
731,zbusska,jG2@jyfkpl,crichterka@virginia.edu,741-972-8107,4,1
732,esportonkb,sR7(.SHPm,jmcgurnkb@nba.com,331-568-8933,7,2
733,awhappleskc,"bG6'Mnx,",mgrimestonekc@tmall.com,531-719-7130,1,8
734,mocannankd,wH9<Sr3U0,egoldbournkd@pinterest.com,803-502-5703,4,10
735,tmacdermottke,hO7~FNRcQ,sclawke@flickr.com,612-497-5274,1,2
736,dibotsonkf,cQ9)zwk$z`,emadigankf@yale.edu,778-561-0115,3,1
737,echickkg,"pG4&bjeh9""c<x(cl",snaceykg@squidoo.com,975-358-4655,1,9
738,hdroogankh,sA7*4*9xGLDKS`I,fkimblinkh@intel.com,189-114-5165,5,10
739,dvanderplaski,uX2(F@Tqm=qOPpD5,rshelmerdineki@sun.com,550-616-6944,5,7
740,mmasdonkj,"sG6""\gvYZ=4mz=`",msirlkj@intel.com,713-602-9090,1,10
741,eclaffeykk,"dA0\C""n,D,G!a,L",gminithorpekk@clickbank.net,403-748-0921,5,1
742,abourdelkl,yW9(6ZHD$jIc..,oquittondenkl@chron.com,698-137-3193,3,8
743,vtraicekm,iV0%KOVYCBoD4ZLz,cmatterseykm@aboutads.info,963-591-0429,1,1
744,mhisemankn,"yB7@_$bp2""G}eup#",tisonkn@state.tx.us,695-151-7513,1,4
745,ssmyko,rU6$Fc`g<F'm,ebenieshko@ehow.com,725-243-4218,4,10
746,vellacottkp,cT2.L2dh!>n%7jW>,mbaudessonkp@cbc.ca,457-566-9595,2,3
747,gleatherkq,"hD5~5@f""Fjwk",olordenkq@spotify.com,739-538-9659,4,2
748,aslaykr,aW8\2n5Zn|=B+#Y,lkroonkr@chronoengine.com,828-552-7916,5,5
749,lpollastroneks,kZ3~q<rbBp,bmilanks@goodreads.com,318-171-4475,2,4
750,hbohlsenkt,pB0'Sb+L*vUS)Z,sbrodheadkt@dagondesign.com,908-308-6359,3,1
751,anovakovicku,qM8#PHj/,lwaldronku@hubpages.com,308-229-9934,2,7
752,epawlatakv,lV8=VG5&+,charriottkv@ameblo.jp,533-644-9999,1,10
753,gweinerkw,pS7'{fQ~Q,ubyrnekw@shinystat.com,435-805-8689,3,3
754,rbaldenkx,"uI6~q""%)Xq",mfrusherkx@apache.org,279-564-0112,2,10
755,cdaleyky,vR7_foG.bYP4*c7,eflannerky@issuu.com,330-875-0902,6,10
756,dferrarinikz,lQ0('R6_xJS0+,hroddamkz@plala.or.jp,169-800-7633,1,10
757,bwarrenerl0,"xT9}3,A2HaD8",hcessfordl0@hugedomains.com,987-686-4099,3,1
758,mskeldonl1,"tC6""=~y~_#JwJ\Sc",bmcgovernl1@theglobeandmail.com,413-471-6987,5,7
759,khenricssonl2,qL6{w*dY5p,wdiackl2@opensource.org,466-551-2775,6,6
760,vcracel3,"bM9""M7ovl/1hhqgP",emazzial3@barnesandnoble.com,474-571-2220,6,1
761,kkryzhovl4,wO7`6f6#dj_,sjendrachl4@forbes.com,249-943-6903,1,1
762,kmyringl5,uP4*g?fm3vl,ktenderl5@fema.gov,867-132-4978,3,10
763,nranaghanl6,nR6{~X/m?T2C+,shallsl6@ibm.com,551-832-4700,1,8
764,theaselgravel7,bI2'~jOf!,kcomussol7@usa.gov,706-781-9541,4,2
765,atheobaldl8,"sU8""D!pM",bfreckinghaml8@alexa.com,390-663-2971,1,7
766,ewranglel9,cR3~8R2faFFySp*,gfeedhaml9@github.com,913-532-2335,3,1
767,hswaddlela,"tP9?V5""?",gblannla@ezinearticles.com,878-468-0460,6,3
768,flanchburylb,"iK1""cPQf@3))",khousbielb@ameblo.jp,760-968-8486,1,5
769,lhearfieldlc,"bY2{m6""Z(Qmf",itabbernorlc@noaa.gov,154-305-7146,5,7
770,kseabrockeld,rG6=C(takiL,cpiersld@cpanel.net,503-726-4430,7,3
771,bwittle,"rN7<}b},/wwb2C",gdoleyle@github.io,808-576-7981,6,8
772,lredlf,"iL4)n}MJPV%""51D~",hsnapelf@mac.com,842-559-0106,7,6
773,cdeclairmontlg,yN0!iFvFW6822L%,jhallgoughlg@mapy.cz,430-906-2218,5,7
774,mberendslh,tV8=Mjq>(,rnivenlh@qq.com,329-733-3563,4,1
775,nzealeli,wO8!Ns7hsl+2Qb|,kvalentinettili@zimbio.com,900-932-4889,4,6
776,sgiacopinilj,"bP4""c+6Z\s$",hmasereslj@plala.or.jp,732-504-2455,2,10
777,abidewellk,"gA3"")/B|lDJp5A",rpritchittlk@latimes.com,774-592-8384,2,1
778,geickll,"dT1)JgK=""",nginnerll@reddit.com,219-134-9347,5,2
779,lhuwslm,"uQ2@R6|O,3XpjH",npetettlm@bloglovin.com,728-349-3509,2,6
780,hmattersleyln,"yX1|P53,y",bpetrilloln@google.com.br,161-410-4911,6,5
781,celbournelo,oH7&c5$/d2,nwybronlo@cbsnews.com,272-679-3019,7,4
782,abesekelp,xY9}EV{$NR&,bwerrilowlp@feedburner.com,679-766-0047,3,1
783,kciccarellolq,"eP6*x7my4afY""~?|",pbowlerlq@huffingtonpost.com,659-707-9608,1,4
784,fbarkeslr,fU5!Hn(Vv}I,kcecchetellilr@loc.gov,680-205-0871,4,4
785,jmulvinls,bI9@&_~\,gspawforthls@multiply.com,918-508-1510,6,2
786,nsnarrlt,"lQ3{d,uS",wacomlt@ed.gov,700-237-8463,2,1
787,vknotonlu,dK5_Qc<0!2g$,wbowermanlu@t.co,805-122-9337,4,4
788,klongolv,"hZ9`H8""&92c",dgorewaylv@scribd.com,398-950-0537,5,2
789,fmeertlw,jF0$Y3RJ,vboydlelw@ehow.com,290-357-0578,6,9
790,tmohringlx,gQ2+.m*M5nV8N4,cmattockslx@dedecms.com,122-384-9250,1,7
791,nlangloisly,pA8#+ucyR+lad_$,vtaffeely@princeton.edu,861-427-4552,3,9
792,renoslz,dF8{bjKI8Ub}'f2,agantzlz@is.gd,543-160-5633,2,4
793,eeastmeadm0,vA0$7|vtjuY,cmacallanm0@google.de,421-948-4132,5,9
794,hellowaym1,tM9~>H}+x9_(,cedlynm1@instagram.com,399-912-2725,4,9
795,ajillism2,eC8*t)1u,mgwalterm2@google.com,958-204-6591,7,6
796,cpettecrewm3,wR0/4akOs)L7`,nfeastm3@vinaora.com,387-975-5080,6,7
797,egatwardm4,jR3&r&+`5A?,yvedeneevm4@e-recht24.de,997-835-2704,1,5
798,mgaytorm5,jO0@?Wc\,rbarrellm5@ft.com,287-678-1353,2,3
799,mordeltm6,wV6)5j>#\l,kmacmeekingm6@comsenz.com,650-539-4684,4,6
800,pmontfortm7,dF2_El|i!=,lmackm7@gizmodo.com,516-962-4393,1,10
801,mconrathm8,"pH2|_`I""",mgalerm8@desdev.cn,573-170-5535,6,1
802,efeasbym9,lG4=)<|j&E&EM6Z_,srudeyeardm9@go.com,341-217-5726,4,7
803,mfranciolima,sL5?y%!171YmXl,hdamperma@timesonline.co.uk,155-147-4288,5,4
804,bdwanemb,lH0'c?Er/K_JQS$,cfriendmb@dyndns.org,660-595-1767,7,2
805,gskirvenmc,lE8'|!{HV,hmoquinmc@google.ru,450-595-0759,5,7
806,jferronmd,yV0=L6k>dopbO`H_,bbeavorsmd@ameblo.jp,192-378-1895,2,9
807,hbullantme,hN1`W8za,sbeadesme@livejournal.com,237-473-1762,4,4
808,anutkinsmf,"sA9~1'"".6/$",rwaelandmf@usgs.gov,943-407-8322,4,2
809,kaudibertmg,vO6(VPMoq340PNL,chealksmg@cornell.edu,209-395-5772,3,9
810,rtrahmelmh,rB2_y+MQ/,mhiscocksmh@dyndns.org,771-287-0315,7,2
811,lsperrettmi,vW0/JBkul6qFK@,mboritmi@omniture.com,225-753-2042,5,7
812,mpaoluccimj,dE6<0ok9,eastonmj@histats.com,476-696-5066,6,9
813,gkenanmk,xV3`g`UNp(}*,rfleymk@house.gov,579-967-4189,4,9
814,jfieldgateml,qV0!V)EVj,dwalpoleml@apple.com,503-538-6257,4,10
815,stettmm,hG2|>rCQ,cvanyushkinmm@mapquest.com,394-231-1430,2,1
816,wpaulillomn,bO7\a!f\.D,briceardsmn@altervista.org,430-564-0555,4,9
817,jbenoixmo,dZ1|{B<ntYB*iyS%,mperismo@symantec.com,901-431-7695,7,4
818,scuruclismp,pX9`Z=38#Nzk&ylG,eadamovichmp@webmd.com,404-276-4236,4,1
819,wglazemq,vU1&xsSt,flampbrechtmq@slate.com,782-978-4668,6,10
820,cpiattomr,wD4&ioiVnDwpN,blewendonmr@blogspot.com,682-671-2937,4,1
821,tfollanms,xN7_lfFWwR4qp,ntheoboldms@csmonitor.com,160-401-0206,7,2
822,ibackwellmt,yY3&EW+nZJ,gwilliamsonmt@altervista.org,424-711-7529,3,5
823,rcodlingmu,uW7!B62|<3z,pwrettummu@addthis.com,571-307-2816,3,6
824,truttermv,"aT4<""%zH",avogeleinmv@google.es,740-553-0087,2,7
825,jjackmanmw,qU2$MeZb\8%9,tmcgebenaymw@gmpg.org,271-815-7120,1,6
826,cblasingmx,nZ7??i)(!y',lmitfordmx@wikia.com,953-490-1805,5,8
827,cmieremy,"fM4""B|'%VJFzs0)",jvicemy@networkadvertising.org,828-268-2555,3,5
828,atapnermz,lW8|7x`8_flS,xscempmz@merriam-webster.com,675-799-6273,5,2
829,msemplen0,cM8!KAT(9X,hbaggettn0@printfriendly.com,865-841-7844,3,7
830,rwethn1,wF1>_4me6{v5OTa,igubbinn1@weebly.com,359-387-3338,5,2
831,uterronn2,hA0.i5yDio,rculmern2@japanpost.jp,921-507-2018,7,5
832,jlaguerren3,cX4|+Zy!B,afrangletonn3@unblog.fr,372-723-5160,2,5
833,deglisen4,qR4|YL\qTuLN/DGQ,mnessn4@upenn.edu,543-952-5595,5,1
834,mbiskupn5,"tY7=YWWj4U,r",bbetonn5@wix.com,983-537-9518,1,8
835,dodelln6,aA8}7?dYSB,apuckhamn6@loc.gov,366-604-7563,3,7
836,lhardestyn7,"bI2""z?T,g~Yn",mfakeleyn7@epa.gov,475-314-9780,3,4
837,aorganern8,dE0(Q!e)!,cyurukhinn8@printfriendly.com,188-362-5804,7,2
838,ebreagann9,cE1\66QePXpEO9,nmctrustyn9@imageshack.us,703-390-0192,6,2
839,warlottna,"yG2,&2rH",srudolferna@squidoo.com,855-293-4526,7,2
840,lcollinettenb,"fI0!q{{CB"",",fquippnb@telegraph.co.uk,684-875-1910,3,2
841,hgouldebync,tZ9<$*nS,oferniernc@photobucket.com,417-963-9384,7,4
842,emawdittnd,rW7*a6T_Tm5i),dkaleynd@sourceforge.net,383-738-3065,2,6
843,zmallabonne,xC1{`yQSn*l,jheijnenne@diigo.com,102-566-7226,6,2
844,pfelgatnf,"qZ6+Hl""E""l",dbartelsellisnf@example.com,247-392-9180,1,4
845,gmacparlanng,lB0(c6eijFKw},pbraksperng@who.int,642-824-2642,7,7
846,eellumnh,"pI5{L$\l,C$r=",paddynh@google.co.jp,801-170-9051,7,4
847,amangeotni,pG0$e@Q\*kqhjm,kcasboltni@sitemeter.com,984-129-1288,2,4
848,bgledernj,eM0.U25Uu,muwinsnj@parallels.com,507-943-1479,1,8
849,rfedorchenkonk,wA6>l\gL,ncunniffenk@ftc.gov,949-986-6175,7,9
850,gflowethnl,aN1+j`lH,efewnl@seesaa.net,550-260-4245,3,2
851,smanninnm,kC7+x'X0b/,aaldienm@mysql.com,875-147-5008,3,5
852,wcramnn,"jP9*Jb{4iN($8x9,",mcardallnn@twitter.com,449-322-6424,1,9
853,sbressonno,kQ3\f%XXGY*HY=e,cvairowno@stanford.edu,327-888-2217,4,6
854,aeskrietnp,"pT4}kFv{6,rpa",gpateynp@blogtalkradio.com,224-891-3129,4,5
855,swestcotnq,rT4@?ExUKr4s_,cmorillasnq@bandcamp.com,251-383-0436,2,5
856,eblecklynr,rH9=tm{C!Bc,bpenzernr@prlog.org,989-946-8571,1,5
857,egrigolashvillns,"mI6!lU<AgX,8dB",gpymarns@1und1.de,998-172-0419,5,6
858,msanphernt,cX4.?JloVk_u<d,hscolesnt@shinystat.com,938-131-3384,4,1
859,lduffusnu,bC7>@mD1P3p}?D,nyerbynu@jiathis.com,561-145-6008,1,5
860,crydzynskinv,zX8$&~X4SBA\CN,tbullentnv@networksolutions.com,939-507-4926,3,6
861,gboadbynw,"hG1_Y""9wM.9M>!",dwhaitesnw@etsy.com,712-542-9178,2,2
862,lroelsnx,cC6+PDahge,qbalconnx@nyu.edu,629-596-8445,6,10
863,dolunnyny,"xK1\,rge2d|bk3",hculchethny@nymag.com,904-769-4135,6,4
864,tbedboroughnz,yG4`_WGuUe,icanz@twitpic.com,846-554-7931,7,7
865,smurtono0,"dO8#8)~v@dz2Ni""",rbubbearo0@geocities.jp,963-293-7386,7,4
866,jcumineo1,"yP1,r@<e7/t",hdempseyo1@nsw.gov.au,306-731-6977,2,5
867,jcowupo2,"lS1""*,6*@",cforsardo2@mozilla.com,466-936-8657,4,9
868,lchurchwardo3,dD1/V_u{f#v,iocurrano3@sun.com,283-842-7392,1,2
869,wbealo4,yW6*<4jg+wN,dosborneo4@bizjournals.com,151-345-8668,6,1
870,afeasleyo5,"rH4|L&|E,",ndaggero5@posterous.com,753-938-5493,4,5
871,amcconnultyo6,bX9!E#MpwhIt4>/{,gyacobsohno6@shutterfly.com,587-259-5308,3,3
872,jbaggalleyo7,sH1}%pGT,wholdreno7@canalblog.com,247-698-4608,1,10
873,klomatho8,zD0!#Y|R,matcocko8@wordpress.org,512-542-5922,6,3
874,talmeyo9,rJ4)(Uu+,dbancrofto9@psu.edu,771-124-8733,7,2
875,btolletoa,"vU6!Z""v{{CD1",ascriveneroa@cargocollective.com,838-471-7029,3,2
876,kroobottomob,iL1!Q%v2T~/Z(aN,lcoodeob@springer.com,738-336-7541,5,9
877,acowelyoc,"fT9|a~U8""g%_<mW",esandercockoc@ted.com,743-140-6008,2,3
878,agoddenod,wF1`IpV<fJ,dcholominod@soup.io,765-869-4975,5,6
879,rbruhnsenoe,kQ1\J*|F{FV6t,rbrachoe@prnewswire.com,233-348-0964,3,9
880,mbattissonof,nB9/'+.BY,areadeof@hao123.com,518-720-3747,3,3
881,apoacherog,cU9_i{L.fDQoo,ssaffranog@cloudflare.com,657-555-3803,6,4
882,cpaviaoh,"kC2?W43b=,{1",pbilstonoh@github.io,884-296-3212,3,1
883,jmarconeoi,mC5%Elyr!ai0P`,kcorshamoi@china.com.cn,689-602-1919,1,2
884,rsackettoj,cH3%W~NY+aEM%q,rguinanoj@cafepress.com,325-638-2512,1,6
885,malwenok,"yQ8&n>tM,<$Dt*Zx",pleggeok@yahoo.com,506-234-6631,6,6
886,esneddonol,lJ4+jYc*_aL$E,wbartkiewiczol@indiegogo.com,584-102-2849,2,1
887,amonelliom,jN2\Vel!K.#?H,jwalderaom@cloudflare.com,841-564-7164,1,9
888,erackamon,"jJ9,h9,#4x6'@BZn",cfesbyon@devhub.com,685-147-1500,1,2
889,bcettelloo,lY0/`(xUFVpr`,lpankethoo@ask.com,294-207-2057,5,7
890,mgaffonop,vK3?6TwB}aKE',waugerop@oaic.gov.au,978-604-6761,4,3
891,cedgeleroq,rK1+@ge?*r,emallabyoq@vinaora.com,616-774-4048,3,6
892,uficeor,"oG2#y,@\",ctollemacheor@networksolutions.com,362-327-6872,2,4
893,doakdenos,oT8*S/*DF),sstuckeyos@hud.gov,379-927-0756,6,5
894,pbrandliot,wE6..dt9,cdumphreyot@dagondesign.com,971-779-9625,1,10
895,adefauou,tT8+?Ok`FzC>?B1,jmoynihanou@mlb.com,747-231-9038,2,4
896,kionov,hI1>iUkBsJV42YV,tbettleyov@blogspot.com,114-341-3886,6,2
897,lolyetow,"fB9""a_!""u",lmurrow@weibo.com,416-897-8020,6,4
898,kfalkinderox,rU8+(6.ud1@d\,kbodleyox@slate.com,784-968-8999,5,9
899,sstainsbyoy,"oZ1,$v9i'_",sposnetteoy@cocolog-nifty.com,515-622-5642,5,4
900,mchirmoz,"nU5""7SmMBSnu3!90",aeltoneoz@ocn.ne.jp,135-943-9018,2,6
901,mskipseyp0,tO6/+B?'Vh}'0uDj,cschubertp0@salon.com,158-422-0378,7,6
902,ccasettip1,eA0?==0U#WK_KT,sherculesonp1@free.fr,829-721-5686,5,7
903,mgudgionp2,iZ7%7Z<E<,mheddep2@pen.io,315-105-6961,3,1
904,rmuffinp3,hY8|)Et(7e0@v5,cluskp3@ucoz.ru,330-708-4744,1,5
905,asmoutp4,jD7*&S&6qg81m,nciccop4@geocities.jp,554-401-3999,7,1
906,cpesterp5,tV6=+ATn`}#659B,lmccaigheyp5@trellian.com,153-264-1207,5,6
907,mcaldarop6,tM0{*zbypvQ%W(`,epulleyp6@state.tx.us,931-976-8937,7,9
908,ewilliamsonp7,xD6>Tf!Q'/,agunbyp7@blog.com,731-906-3486,6,1
909,gadshedp8,aK9~IdCFa<`*A,dmayorp8@webmd.com,955-588-0615,4,10
910,ecawleyp9,"eM1%X(,D!",spearlep9@dyndns.org,138-495-2943,2,10
911,acollingepa,"kI3"".T2O",sropkespa@wiley.com,944-548-2612,3,5
912,vswatonpb,fZ2_fFW4,bfleypb@cloudflare.com,707-908-6493,5,1
913,stothpc,hC7/#T.2m,brothampc@smugmug.com,432-744-0285,3,1
914,tbridgespd,vH4&BK_N4i,cyellowleypd@sfgate.com,433-711-6287,1,4
915,djennaroype,pG1!3+VT,blemmanbiepe@ed.gov,806-492-5516,2,8
916,bsmypf,pA1*O('BU=afU)It,fccominipf@linkedin.com,468-357-9182,4,2
917,rconfortpg,gS9<KBjlg5,jathertonpg@amazon.co.jp,553-850-0463,7,2
918,nbuckbeeph,gT7(dclK+%M@NZ{4,kspellsworthph@youku.com,872-899-1019,2,9
919,lgrinleypi,kM5~N}f/E78X&,jstivepi@xing.com,947-413-8951,3,3
920,zkovalskipj,pK9|'v|bI,rollanderpj@microsoft.com,986-750-3874,1,10
921,akingzethpk,hS0>d<nz'Ttt0,fpaullinpk@ehow.com,972-497-3031,4,1
922,aleebeterpl,mY7_hnkdqZbrh5WH,ydomerquepl@businesswire.com,618-645-0837,7,9
923,sjoratpm,qO4%~E/GD%&us5lO,bburlpm@ifeng.com,298-432-3166,7,2
924,lbettensonpn,"wU0`>2Fo""~'/cV",abornpn@meetup.com,504-767-8269,1,4
925,mdinsdalepo,rJ9()5.c9,pmoenspo@dyndns.org,810-947-0319,4,4
926,kfetherstanpp,wO1~J%>8,rhousleypp@cmu.edu,532-840-2372,6,5
927,tmadenpq,aZ6$Ew)p$zu{Kc8,sfowliepq@edublogs.org,653-678-5888,6,8
928,rvealepr,lD2)u}5}r,pbarleepr@about.com,644-184-3948,4,9
929,bmccathayps,"yL9..**+AwvTc,ov",tmccoryps@jugem.jp,443-380-3510,7,7
930,sminocchipt,"dE2,#ql=ekv1qc",eochiltreept@upenn.edu,336-393-5690,4,2
931,dnawtonpu,"tC1""kr#2/q",rpadwickpu@cam.ac.uk,826-850-1088,5,9
932,cmurkittpv,bL8&TCkN.luwK%,pgellierpv@ebay.com,863-613-1378,6,2
933,mtrothpw,nH9)`x/j=bJ`,ddorringtonpw@examiner.com,535-268-3549,6,1
934,dbeebispx,rI3/(?*qe+@,grameauxpx@amazon.de,901-262-3081,1,7
935,ewornumpy,iU7?P')=(2.dbq!,nmacgounpy@github.com,979-944-4542,7,8
936,ccicculipz,rR3+u9LRc,kvanderplaspz@npr.org,666-200-4213,7,5
937,blomenq0,eJ2\%oD%ow,nmathewesq0@4shared.com,804-608-3143,6,7
938,gonionq1,"rT3?,Z<B`",rthorq1@e-recht24.de,951-757-6938,7,4
939,dchableq2,"aG7,v0WxA!b8&mo",wstlouisq2@chicagotribune.com,516-615-3055,2,10
940,icarwithenq3,nI8!+Y(W<gE_N89,clanderq3@homestead.com,180-697-9224,2,4
941,ahuccabyq4,"sY7/SlD4X,'!",lcoatenq4@bbb.org,720-146-6512,4,8
942,mmarciskewskiq5,gW2~k1wG+q0cRED(,anizetq5@tmall.com,530-122-2700,3,9
943,mesmondeq6,kD2}+cx%+w&z,flisciandroq6@biglobe.ne.jp,212-820-1933,2,2
944,sdorrityq7,"nW7=""6V4ZRn.z",grookesbyq7@phoca.cz,512-740-8973,2,4
945,sbousquetq8,sJ7?7m.u_7,mdandisonq8@china.com.cn,263-521-5386,2,10
946,fcrateq9,xQ5)St5WHVF83ef,wsoutarq9@youtube.com,435-468-1740,7,10
947,tmocklerqa,vE2&2@5&%c,tpickburnqa@hhs.gov,488-528-0920,1,3
948,tkovelmannqb,rQ9&DI$yt,ganwylqb@hud.gov,878-474-5940,4,4
949,dcargenvenqc,yL8\HF``~t,mwilfingqc@harvard.edu,893-587-0825,4,4
950,cbuftonqd,vD9_q1c)zWti40a,mquirkeqd@phoca.cz,699-638-7490,3,6
951,kpaddickqe,"fU7,mjRs.>Az\U3+",flarciereqe@huffingtonpost.com,987-609-1210,6,9
952,ggodonqf,"aL4+""CbtMa",ffinlayqf@umich.edu,865-555-2901,4,2
953,vgourlieqg,mN2}fF2g,aloosmoreqg@china.com.cn,325-156-4426,2,7
954,achasneyqh,hC5!7\{H,dhaquardqh@multiply.com,826-656-3764,4,6
955,xharsentqi,"lS9,_?dZWQ",jwhatmanqi@woothemes.com,151-695-3087,4,2
956,wdavydkovqj,vC7{)?K)c5K1}fHc,bballantyneqj@yelp.com,433-447-1280,7,2
957,hstanistreetqk,"mI5""<)AVPIka_",crubertelliqk@gnu.org,772-698-7847,4,5
958,wlynnittql,tM8/>#'ZQ,fgooldenql@twitter.com,691-315-4020,1,3
959,tmckeagqm,"wG1<j`VH8vBT.""",ablackdenqm@dell.com,732-912-8696,1,6
960,bconneauqn,rH0<3SKw,nspelmanqn@economist.com,645-437-5299,7,7
961,bsiemonsqo,gI5(~9U9pji&Mmcg,lgoatmanqo@elpais.com,930-973-1758,1,10
962,nbomfieldqp,tQ5'Gj(P2Ac,kkynmanqp@webmd.com,103-869-5845,6,9
963,afelderqq,nW3+M<QR$q,rbousquetqq@myspace.com,605-665-5980,1,9
964,cparkissonqr,uE3#\raZw=}rT,foggerqr@slate.com,817-781-4024,3,1
965,jgherardiqs,pX2/1u3INXA7,dmalliaqs@last.fm,618-876-9196,3,10
966,awoodageqt,eA0(*1}(ti.+rauN,koleaghamqt@multiply.com,737-854-7537,5,4
967,squilkinqu,"mE6,ZG\OA+",fpollequ@opera.com,895-689-4172,1,1
968,eraittieqv,hU5/gx\V>8wtD,fmacillrickqv@list-manage.com,377-166-2586,3,8
969,slaurenceqw,xL5%M}|5w/`))M,astigellqw@upenn.edu,855-323-0191,5,9
970,hcullinanqx,pO6)+.qX,bbrydenqx@google.fr,611-338-9435,4,10
971,gmacgounqy,gI4)ibk6xKOX2f&,mbeswickqy@upenn.edu,369-987-6080,7,4
972,alemerieqz,"iO0@G""DLsT!AT",aogelsbyqz@angelfire.com,628-989-9245,7,8
973,cpidgeleyr0,fL3_Ju8z*nHTdj,gcrakerr0@yandex.ru,585-437-3804,1,10
974,lboleynr1,nU8*KZA1fM2~<We,eenricor1@bbc.co.uk,967-125-2531,5,1
975,eleatonr2,nL9=?et4xSuKpl,rmcillroyr2@myspace.com,377-926-3232,5,9
976,ngruber3,"jP4?0""MwEuHyZ0",stapleyr3@google.cn,278-324-5362,2,10
977,ahousbeyr4,"rP5_Dm'g,>8s7",jbreazeallr4@google.ca,122-161-4011,1,6
978,ejeandillour5,"kZ1=p("">{aSOK`",jswatlandr5@businesswire.com,751-855-8698,7,4
979,tpettsr6,vP7=.RRfE3h>,svinckr6@angelfire.com,636-764-9140,2,1
980,fbrimleyr7,eW6($wh!J)<M>,lnucciir7@newyorker.com,256-864-8602,5,10
981,scandeyr8,nX0\%k6>2JfP,fgullifantr8@networksolutions.com,768-164-1253,4,1
982,pmaccurleyr9,lD7>%!6U!`!$=tk),rmarrabler9@a8.net,849-351-8900,3,8
983,qmillierra,"kG7,BCHp>RPem@O",rlocktonra@walmart.com,519-423-1162,4,8
984,asandsallanrb,iB0!*xPP{d?Wp,ggowardrb@chron.com,291-102-6138,2,5
985,acasebournerc,oE0_|%g!&o`PBST=,mmaxfieldrc@phoca.cz,348-318-7168,1,4
986,pdewdneyrd,gL2$Pt9lk,ndodwellrd@e-recht24.de,644-316-8310,5,3
987,mwenhamre,lJ4_L'U*},gtiltere@businesswire.com,983-979-1480,2,2
988,bluppittrf,tB5#84LQkT4/,ehexterrf@webmd.com,477-932-2932,4,10
989,jstivensrg,hB7%P5Gc,ckleesrg@edublogs.org,123-643-7813,4,6
990,mdonisthorperh,iM1{Vhl.~=p+$MHV,aslemmondsrh@amazon.com,372-440-2351,5,7
991,kpermainri,eH1&UE05,mbowneri@prnewswire.com,535-559-6857,2,7
992,pmontfordrj,"iM0*3""EjN",tdrainsrj@house.gov,104-249-1905,3,6
993,flabetrk,sW8}A8R+rhWV2O!,lsherarrk@shop-pro.jp,557-400-4778,3,9
994,hweissrl,xN8?cTC0C+o&,reveringhamrl@omniture.com,344-896-0708,7,7
995,mscarisbrickrm,pC4=)`dmHL,oximenezrm@stumbleupon.com,639-401-6226,2,3
996,vlaingrn,kT3_Ki*gI,efriesern@sakura.ne.jp,825-809-4481,4,5
997,gkesleyro,zN4(N+B/j(C+p4,agladdinro@bigcartel.com,571-515-4468,6,6
998,cterzorp,xK7{}fknj!n2,lblencowerp@theguardian.com,816-525-2765,1,10
999,ktwinningrq,sJ4_ED_mon,smatfinrq@accuweather.com,176-482-1024,4,2
1000,cyearsleyrr,"aE7~9\1$`""a=3n)",jburnesrr@accuweather.com,805-987-5924,2,2
1001,roachie,"roachfan",roachie@northwind.com,650-484-38392,2,4
1002,cookie,"roachfan",cookie@northwind.com,650-523-2395,1,10
1003,crowler,"roachfan",crowler@northwind.com,408-939-4839,3,4
1004,thumper,"roachfan",thumper@northwind.com,650-484-3839,4,4
1005,flora,"roachfan",flora@northwind.com,415-683-7305,5,2
1006,roll,"roachfan",roll@northwind.com,650-431-5821,6,5
1007,thorny,"roachfan",thorny@northwind.com,415-483-3948,7,5
1008,loco,"roachfan",loco@northwind.com,650-439-4792,7,5
